0,1,2,3,4,5,6,7
-0.5597065049815451,-0.18088346225050708,-0.2313587642094808,-0.2940388058604281,-0.23412431264112482,-0.15505509407357335,1.3103086581919527,-0.1389941043380834
-0.2537912781839865,-0.19180447032487558,-0.2659603350359783,4.844645165817058,-0.30550845720904685,-0.42085505619784336,1.3158604781130734,-0.40196873721877785
4.466043649549775,0.8959279338822255,-0.27154123355638116,-0.21395541928883088,-0.2129211013833262,-0.13194205388885422,1.1937204398484182,-0.3884828586095115
-0.2537912781839865,-0.25077791392646537,-0.23247494391356135,-0.5209417344799534,-0.2235227070122255,-0.3653837597545174,1.313084568152513,2.167091137846468
-0.2537912781839865,0.8893753290376044,-0.2704250538523006,-0.06713587724090272,-0.2878391144942147,-0.1515881380458654,-0.7813394970902685,-0.4896269481790093
-0.12268475241360421,-0.1830676638653808,-0.2447529206584476,3.5099220562904376,-0.1507250150271169,-0.13425335790732607,-0.8507372461042771,-0.4626551909604766
-0.2537912781839865,-0.3206723656024237,0.34793850220833306,-0.10717757052670132,-0.2871323407856214,-0.14003161795350585,-0.8271420114395142,-0.10527940781491744
-0.4723021544679569,-0.246409510696718,-0.28158685089310626,-0.24064988147936328,1.196385673551689,-0.11922988178725867,-0.7355369827410227,-0.48288400887437616
-0.516004329724751,-0.29555404703137617,-0.2603794365155755,-0.3207332680509605,1.5886450818209632,-0.2555968188771015,1.2089879446315,-0.1389941043380834
-0.2100891029271924,-0.3250407688321711,0.962953519156725,-0.2806915747651619,-0.24543269197861742,-0.40467592806853986,-0.87433248076904,-0.24688113321221444
-0.34119562869757464,1.6025171562938665,-0.2347073033217225,-0.36077496133675907,0.4903187386669947,-0.28102116308029257,-0.79383109191279,-0.267109951126114
-0.516004329724751,-0.21037018405130198,-0.22912640480131966,-0.3340804991462267,1.2006263158032486,-0.40467592806853986,-0.800770866814191,-0.3075675869539132
-0.516004329724751,-0.31084345833549204,0.9607211597485639,0.8404758372371987,-0.27653073515672205,-0.31684637536660726,-0.7230453879185011,-0.27385289043074723
-0.2537912781839865,-0.2758962324975129,-0.23693966272988362,3.5099220562904376,1.3059355983836483,-0.32955854746820273,-0.8299179214000745,-0.2805958297353804
0.05212394861357214,-0.3239486680247342,-0.2894001088216702,-0.05378864614563653,-0.29773394641452067,1.8153315816737325,-0.8063226867353116,-0.3817399193048783
0.008421773356778054,-0.22456749454798103,0.9573726206363222,-0.3340804991462267,-0.19242466383412088,-0.30875681130195554,-0.8590649759859582,-0.24013819390758126
-0.42859997921116283,-0.16450195013895436,-0.21015134983195002,-0.4809000411941548,-0.31257619429497974,-0.46823678857651746,-0.7050019731748589,-0.15247998294734977
-0.03528040190001604,-0.18743606709512817,-0.2592632568114949,-0.12052480162196752,-0.2970271727059274,-0.14627213880338008,-0.7091658381156996,-0.46939813026510974
0.09582612387036624,-0.29555404703137617,-0.23359112361764192,-0.34742773024149287,-0.2793578299910952,-0.11691857776878672,1.2367470442371034,-0.11876528642418382
-0.516004329724751,0.6196264296007029,-0.25479853799517266,-0.14721926381249992,0.49385260720996116,2.9628940268450377,-0.8687806608479194,-0.3884828586095115
-0.38489780395436873,-0.31411976075780257,0.6827924134325029,-0.2806915747651619,-0.26663590323641606,-0.31569072335737125,-0.7410888026621434,-0.25362407251684765
-0.42859997921116283,-0.31411976075780257,-0.2570308974033338,-0.3207332680509605,-0.2631020346934496,-0.2625307309325173,-0.8771083907296005,4.864266859699744
0.09582612387036624,-0.27698833330494976,-0.2871677494135091,-0.4542055790036224,-0.17899596337084842,-0.27639855504334876,-0.7397008476818633,-0.47614106956974295
4.466043649549775,-0.3206723656024237,-0.23693966272988362,-0.41416388571782387,-0.14789792019274375,-0.4266333162440231,1.306144793251112,-0.34802522278171233
-0.07898257715681012,-0.30865925672061834,-0.21573224835235286,-0.21395541928883088,0.10442029377505982,-0.30644550728348363,1.21037589961178,-0.20642349738441532
-0.5597065049815451,-0.22129119212567047,-0.20903517012786946,-0.2673443436698957,0.8111940023683472,-0.20474813047071944,1.2686700087835474,-0.25362407251684765
-0.07898257715681012,1.1656768333191272,0.23632053180027643,2.1751989467638184,-0.2652223558192295,-0.2502808196346162,-0.7403948251720034,-0.4154546158280442
0.09582612387036624,-0.29118564380162876,-0.2938648276379925,-0.38746942352729147,1.5886450818209632,-0.1816350902860003,-0.8793291186980488,-0.1322511650334502
-0.38489780395436873,-0.1721466557910123,-0.28828392911758965,-0.42751111681309006,-0.14295050423259076,-0.41207210092765,-0.7646840373269064,-0.25362407251684765
-0.516004329724751,-0.24094900665953375,-0.2905162885257508,-0.5476361966704858,-0.1584995258216431,-0.17585683023982052,1.2714459187441076,-0.2940817083446468
-0.42859997921116283,-0.20054127678437036,0.9596049800444834,0.8404758372371987,-0.2129211013833262,-0.3191576793850791,1.2603422789018661,-0.3615111013909787
-0.2974934534407806,-0.29773824864624987,-0.21015134983195002,-0.4809000411941548,-0.3090423257520133,-0.11807422977802269,-0.721657432938221,-0.442426373046577
-0.34119562869757464,-0.21801488970335992,-0.24252056125028645,-0.34742773024149287,0.491025512375588,-0.2740872510248768,1.2589543239215861,-0.4221975551326774
-0.2537912781839865,-0.2289358977777284,0.9651858785648861,-0.40081665462255767,-0.22634980184659867,-0.32724724344973083,1.306144793251112,-0.40871167652341106
-0.12268475241360421,-0.2016333775918072,-0.28158685089310626,-0.5476361966704858,-0.2503801079387704,-0.32378028742202297,-0.8077106417155918,-0.1996805580797821
-0.2974934534407806,-0.2376727042372232,-0.24698528006660872,-0.14721926381249992,-0.24755301310439728,-0.3827185398930568,-0.7979949568536305,-0.17945174016588253
-0.5597065049815451,-0.1994491759769335,-0.2637279756278172,-0.22730265038409708,-0.16980790515913569,-0.27177594700640495,-0.7771756321494281,-0.4896269481790093
-0.4723021544679569,-0.2584226195785233,-0.26819269444413946,-0.5209417344799534,-0.30550845720904685,-0.24750725481244987,-0.8299179214000745,-0.17945174016588253
-0.34119562869757464,-0.21146228485873883,-0.2447529206584476,-0.12052480162196752,-0.1584995258216431,-0.13194205388885422,1.2839375135666293,-0.44916931235121016
-0.38489780395436873,-0.24422530908184428,-0.2536823582910921,-0.12052480162196752,-0.251793655355957,1.8153315816737325,1.2117638545920604,-0.125508225728817
-0.42859997921116283,-0.2780804341123866,-0.2313587642094808,-0.05378864614563653,-0.19313143754271417,-0.4416567923640905,-0.7341490277607426,-0.14573704364271658
-0.42859997921116283,1.6025171562938665,-0.28158685089310626,2.1751989467638184,-0.17828918966225513,-0.19319161037835986,-0.7868913170113891,-0.34802522278171233
-0.07898257715681012,-0.21801488970335992,-0.2626117959237366,-0.06713587724090272,-0.3090423257520133,-0.30644550728348363,-0.7022260632142986,-0.17270880086124935
-0.42859997921116283,-0.20927808324386515,-0.2592632568114949,-0.2806915747651619,-0.22776334926378525,-0.3861854959207646,-0.8673927058676393,-0.17270880086124935
-0.4723021544679569,0.8937437322673518,-0.2860515697094285,-0.34742773024149287,-0.2185752910520725,-0.1273194458519104,1.2145397645526206,-0.3143105262585464
-0.42859997921116283,-0.18197556305794393,-0.2905162885257508,-0.2673443436698957,-0.21009400654895305,-0.14465422599044975,1.2978170633694313,-0.3615111013909787
-0.07898257715681012,-0.3031987526834341,-0.2447529206584476,2.1751989467638184,-0.303388136083267,-0.11922988178725867,1.2395229541976636,-0.3817399193048783
-0.2100891029271924,-0.27698833330494976,-0.28158685089310626,-0.4809000411941548,-0.3161100628379462,-0.2648420349509892,1.215927719532901,-0.46939813026510974
0.09582612387036624,-0.29664614783881305,-0.2079189904237889,-0.10717757052670132,-0.24472591827002413,-0.20012552243377563,-0.7202694779579409,-0.20642349738441532
-0.516004329724751,-0.23002799858516526,-0.23582348302580305,2.1751989467638184,-0.16698081032476253,-0.2659976869602252,-0.8451854261831564,-0.3345393441724459
0.008421773356778054,-0.21146228485873883,-0.2737735929645423,-0.41416388571782387,7.878931088301221,-0.2347950827108543,-0.7480285775635442,-0.15247998294734977
-0.4723021544679569,-0.16887035336870174,-0.2079189904237889,-0.4675528100988886,-0.14577759906696391,-0.3873411479300005,1.2631181888624268,4.864266859699744
-0.2100891029271924,-0.19835707516949666,-0.2905162885257508,-0.4675528100988886,-0.19454498495990075,-0.13425335790732607,-0.8789127322039647,-0.11876528642418382
-0.4723021544679569,12.305105069174981,-0.26484415533189776,-0.4675528100988886,-0.3154032891293529,-0.11807422977802269,1.3019809283102715,-0.25362407251684765
0.008421773356778054,-0.29555404703137617,0.23632053180027643,-0.2940388058604281,-0.29490685158014757,-0.3191576793850791,1.2950411534088704,-0.3075675869539132
4.466043649549775,-0.25405421634877595,-0.24698528006660872,-0.494247272289421,-0.17899596337084842,-0.31961994018877354,-0.7399784386779193,-0.20642349738441532
0.09582612387036624,0.892651631459915,0.45955647261638966,-0.5342889655752197,-0.2023194957544269,-0.40467592806853986,1.1992722597695387,-0.24013819390758126
-0.4723021544679569,-0.20272547839924404,-0.2414043815462059,-0.34742773024149287,-0.16698081032476253,4.11970168809023,-0.6980621982734582,-0.2603670118214808
0.09582612387036624,-0.2813567365346971,-0.2313587642094808,-0.37412219243202527,-0.20514659058880005,-0.37578462783764094,1.2311952243159827,-0.4626551909604766
-0.34119562869757464,-0.16887035336870174,-0.26484415533189776,-0.3207332680509605,-0.15496565727867664,-0.3260915914404949,0.8842064792459393,-0.10527940781491744
-0.2537912781839865,-0.2868172405718814,0.34793850220833306,-0.24064988147936328,-0.28289169853406165,-0.43125592428096693,-0.8701686158281996,-0.45591225165584337
-0.03528040190001604,-0.25296211554133907,0.9607211597485639,2.1751989467638184,-0.2023194957544269,-0.31684637536660726,1.299205018349711,-0.34802522278171233
-0.2537912781839865,-0.22019909131823362,-0.21349988894419172,-0.10717757052670132,-0.3139897417121663,-0.1666116141659329,-0.7799515421099883,-0.3615111013909787
-0.38489780395436873,-0.22565959535541788,-0.24698528006660872,-0.36077496133675907,-0.28430524595124823,-0.38156288788382076,-0.8368576963014754,-0.10527940781491744
-0.4723021544679569,0.8948358330747886,-0.24586910036252815,-0.34742773024149287,-0.2411920497270577,-0.4393454883456186,1.1992722597695387,-0.48288400887437616
-0.2100891029271924,-0.17542295821332285,-0.28828392911758965,3.5099220562904376,0.9525487440870046,-0.2740872510248768,-0.785503362031109,-0.267109951126114
-0.2100891029271924,-0.30865925672061834,-0.28828392911758965,-0.38746942352729147,-0.21504142250910607,2.9624317660413437,1.274221828704668,-0.10527940781491744
-0.2974934534407806,-0.3053829542983078,-0.21015134983195002,-0.14721926381249992,-0.3012678149574871,-0.1515881380458654,1.2936531984285906,3.5156789987731063
-0.42859997921116283,-0.29118564380162876,-0.23359112361764192,-0.5209417344799534,-0.21504142250910607,-0.37231767180993314,-0.849349291123997,-0.17270880086124935
-0.2100891029271924,-0.20054127678437036,-0.2414043815462059,-0.41416388571782387,-0.190304342708341,-0.31222376732966345,-0.8507372461042771,-0.442426373046577
0.008421773356778054,-0.31411976075780257,-0.2347073033217225,2.1751989467638184,-0.22988367038956511,-0.41969940418860735,-0.8063226867353116,-0.21990937599368168
-0.34119562869757464,-0.2758962324975129,-0.2592632568114949,-0.24064988147936328,-0.2503801079387704,-0.3665394117637533,1.3005929733299915,-0.3817399193048783
-0.2537912781839865,-0.17651505902075967,-0.2938648276379925,4.844645165817058,-0.14860469390133704,-0.2844881191080004,-0.8784963457098807,-0.46939813026510974
0.008421773356778054,-0.19398867193974925,-0.2938648276379925,2.1751989467638184,-0.2652223558192295,-0.39658636400388825,1.2131518095723401,-0.3412822834770791
4.466043649549775,-0.3075671559131815,-0.2079189904237889,-0.36077496133675907,-0.28925266191140125,-0.39658636400388825,-0.8757204357493202,-0.18619467947051574
-0.2974934534407806,1.2748869140628118,-0.28158685089310626,-0.09383033943143512,-0.15001824131852362,-0.29604463920036,-0.7369249377213029,-0.3075675869539132
0.09582612387036624,-0.27698833330494976,-0.2525661785870115,-0.24064988147936328,0.599161889790361,2.965205330863509,-0.7147176580368201,2.167091137846468
0.05212394861357214,-0.3250407688321711,0.9596049800444834,-0.1872609570982985,-0.2878391144942147,-0.35151593564368594,1.1992722597695387,-0.3547681620863455
0.09582612387036624,0.8948358330747886,-0.2626117959237366,-0.20060818819356468,-0.2878391144942147,-0.3249359394312589,-0.8382456512817555,-0.19293761877514892
-0.12268475241360421,-0.1928965711323124,0.9607211597485639,0.8404758372371987,-0.03693444794359765,-0.13540900991656205,1.2311952243159827,2.167091137846468
-0.516004329724751,-0.2835409381495708,-0.2559147176992532,-0.4675528100988886,-0.2510868816473637,-0.2625307309325173,1.2894893334877497,-0.3547681620863455
4.466043649549775,-0.30865925672061834,0.9640696988608056,-0.4675528100988886,-0.28289169853406165,4.120857340099466,-0.7799515421099883,-0.3615111013909787
0.05212394861357214,0.8380465910880726,0.23632053180027643,-0.41416388571782387,-0.1691011314505424,-0.15782865889573966,1.2395229541976636,-0.4221975551326774
-0.03528040190001604,-0.2988303494536867,-0.24921763947476985,-0.21395541928883088,-0.18182305820522157,-0.13309770589809017,-0.7841154070508287,-0.17945174016588253
-0.516004329724751,-0.2595147203859602,0.962953519156725,-0.2806915747651619,-0.2623952609848563,-0.4613028765211018,-0.785503362031109,-0.1389941043380834
-0.2537912781839865,-0.246409510696718,-0.2760059523727034,-0.09383033943143512,-0.2722900929051623,-0.38502984391152867,1.3047568382708317,-0.4289404944373106
0.05212394861357214,-0.29227774460906564,-0.2414043815462059,-0.2673443436698957,0.881871373227676,-0.19319161037835986,-0.6952862883128977,-0.11202234711955063
4.466043649549775,-0.19180447032487558,0.5711744430244463,-0.06713587724090272,-0.21433464880051278,-0.427788968253259,-0.881272255670441,-0.3817399193048783
-0.38489780395436873,-0.24094900665953375,-0.20903517012786946,-0.21395541928883088,-0.20868045913176647,-0.32724724344973083,-0.7188815229776607,-0.24688113321221444
-0.2100891029271924,-0.2737120308826392,-0.2927486479339119,-0.05378864614563653,-0.3090423257520133,-0.3988976680223601,1.2589543239215861,-0.17945174016588253
0.09582612387036624,-0.24750161150415484,-0.2592632568114949,-0.05378864614563653,-0.1514317887357102,-0.25790812289557347,-0.8229781464986736,-0.39522579791414464
0.05212394861357214,-0.1928965711323124,-0.2637279756278172,-0.09383033943143512,-0.15920629953023638,-0.13772031393503398,-0.7022260632142986,-0.3345393441724459
-0.12268475241360421,-0.20927808324386515,-0.2938648276379925,2.1751989467638184,-0.14577759906696391,-0.20359247846148346,-0.8118745066564323,-0.3412822834770791
-0.03528040190001604,-0.24531740988928114,-0.21238370924011116,2.1751989467638184,-0.16768758403335582,-0.2648420349509892,-0.834081786340915,-0.4221975551326774
-0.516004329724751,-0.2857251397644445,-0.23024258450540022,-0.5476361966704858,-0.2242294807208188,-0.30760115929271953,-0.729985162819902,-0.3143105262585464
-0.03528040190001604,-0.3031987526834341,0.5711744430244463,-0.36077496133675907,1.5886450818209632,-0.308063420096414,1.2048240796906593,-0.267109951126114
0.09582612387036624,-0.17979136144307023,-0.2347073033217225,-0.41416388571782387,-0.15567243098726993,2.965205330863509,-0.7424767576424237,-0.4963698874836425
-0.2537912781839865,-0.19617287355462296,-0.2871677494135091,-0.2673443436698957,-0.3005610412488938,-0.16430031014746097,1.21037589961178,-0.1389941043380834
-0.516004329724751,0.18278610662596345,-0.2603794365155755,-0.5209417344799534,-0.17828918966225513,-0.31684637536660726,-0.7285972078396219,-0.3143105262585464
-0.5597065049815451,-0.16887035336870174,0.9651858785648861,-0.20060818819356468,-0.17475532111928868,-0.1723898742121127,1.2228674944343014,-0.24688113321221444
-0.07898257715681012,0.8904674298450412,-0.26930887414822,-0.37412219243202527,-0.1570859784044565,-0.38502984391152867,-0.8784963457098807,-0.27385289043074723
-0.5597065049815451,-0.2737120308826392,-0.2760059523727034,-0.3340804991462267,-0.31893715767231934,-0.4705480925949894,-0.7924431369325099,-0.17270880086124935
-0.38489780395436873,-0.17869926063563338,0.9573726206363222,4.844645165817058,-0.1733417737021021,-0.3542895004658522,-0.7405336206700313,-0.32779640486781275
0.008421773356778054,-0.2573305187710865,-0.24586910036252815,-0.2806915747651619,-0.30550845720904685,-0.15274379005510139,1.2325831792962627,-0.24688113321221444
-0.12268475241360421,-0.32176446640986056,-0.22912640480131966,-0.38746942352729147,-0.18182305820522157,-0.39543071199465224,1.2006602147498187,-0.4221975551326774
-0.42859997921116283,-0.2311200993926021,-0.2871677494135091,-0.2539971125746295,1.2352582275243196,2.9698279389004534,-0.7494165325438245,-0.32779640486781275
-0.07898257715681012,-0.18525186548025446,-0.28158685089310626,-0.34742773024149287,-0.1521385624443035,-0.20359247846148346,-0.721657432938221,-0.17270880086124935
0.05212394861357214,-0.24313320827440743,-0.22912640480131966,-0.13387203271723372,-0.29066620932858783,-0.4670811365672816,1.2894893334877497,-0.267109951126114
-0.516004329724751,-0.29555404703137617,-0.27488977266862286,-0.12052480162196752,-0.22140238588644565,-0.37578462783764094,1.1978843047892584,-0.27385289043074723
0.008421773356778054,-0.1655940509463912,-0.2905162885257508,-0.2673443436698957,-0.2030262694630202,-0.2787098590618206,-0.7091658381156996,-0.2603670118214808
-0.07898257715681012,-0.21364648647361253,-0.24698528006660872,-0.2940388058604281,1.1977992209688755,-0.24981855883092172,-0.8313058763803548,-0.11202234711955063
-0.4723021544679569,-0.27917253491982347,-0.27488977266862286,-0.13387203271723372,-0.17828918966225513,-0.25790812289557347,-0.8786351412079086,-0.22665231529831487
0.008421773356778054,-0.2376727042372232,-0.2637279756278172,-0.08048310833616892,0.49385260720996116,-0.3988976680223601,1.272833873724388,-0.1389941043380834
-0.42859997921116283,-0.2846330389570077,-0.27154123355638116,-0.24064988147936328,0.45780714807170353,-0.31222376732966345,-0.8786351412079086,-0.1389941043380834
4.466043649549775,-0.18197556305794393,0.9584888003404027,-0.20060818819356468,1.0232261149463333,-0.3180020273758432,1.274221828704668,-0.17945174016588253
-0.03528040190001604,-0.3053829542983078,-0.28493539000534795,-0.560983427765752,-0.19242466383412088,-0.16314465813822498,1.3005929733299915,-0.32779640486781275
-0.03528040190001604,-0.24422530908184428,-0.2525661785870115,-0.2940388058604281,-0.23977850230987113,-0.30066724723730387,-0.7313731178001823,-0.40196873721877785
-0.5597065049815451,-0.1972649743620598,-0.2559147176992532,0.8404758372371987,-0.19737207979427387,-0.3549828916713938,1.314472523132793,-0.3615111013909787
-0.42859997921116283,-0.27698833330494976,0.9562564409322416,-0.38746942352729147,-0.16415371549038937,-0.2733938598193353,-0.6952862883128977,-0.2131664366890485
0.09582612387036624,-0.2147385872810494,0.9607211597485639,-0.2673443436698957,-0.23059044409815838,-0.216304650563079,1.235359089256823,-0.21990937599368168
0.09582612387036624,-0.2485937123115917,-0.22912640480131966,-0.34742773024149287,-0.31257619429497974,-0.15782865889573966,1.313084568152513,-0.32779640486781275
-0.2100891029271924,-0.2584226195785233,0.9651858785648861,0.8404758372371987,-0.15001824131852362,1.8072420176090807,1.2922652434483102,-0.19293761877514892
-0.42859997921116283,-0.17105455498357544,0.9651858785648861,-0.42751111681309006,-0.28995943561999454,-0.29650690000405444,-0.8854361206112814,-0.3075675869539132
-0.5597065049815451,0.6196264296007029,-0.24586910036252815,-0.40081665462255767,0.49385260720996116,-0.2502808196346162,1.2325831792962627,2.167091137846468
-0.5597065049815451,-0.17651505902075967,-0.277122132076784,-0.34742773024149287,-0.15284533615289678,-0.4740150486226973,-0.7161056130171004,-0.2131664366890485
-0.07898257715681012,-0.18962026871000187,0.34793850220833306,-0.05378864614563653,0.4903187386669947,-0.4058315800777759,1.2145397645526206,-0.27385289043074723
-0.516004329724751,1.4933070755501816,0.34793850220833306,-0.09383033943143512,-0.2503801079387704,-0.16314465813822498,-0.7896672269719496,-0.3345393441724459
-0.2100891029271924,-0.2737120308826392,-0.2804706711890257,-0.42751111681309006,-0.17687564224506855,-0.17816813425829248,1.2783856936455087,-0.4221975551326774
-0.5597065049815451,-0.3163039623726763,-0.26819269444413946,4.844645165817058,-0.31045587316919987,-0.4740150486226973,-0.7369249377213029,-0.10527940781491744
0.09582612387036624,-0.3163039623726763,0.34793850220833306,-0.3207332680509605,-0.17051467886772897,-0.2451959507939779,1.1978843047892584,-0.21990937599368168
-0.07898257715681012,-0.3031987526834341,-0.2737735929645423,-0.20060818819356468,-0.1733417737021021,-0.38895906074293085,-0.8701686158281996,-0.40196873721877785
-0.12268475241360421,-0.2988303494536867,-0.27488977266862286,-0.40081665462255767,-0.2793578299910952,-0.18394639430447224,-0.8077106417155918,-0.17270880086124935
-0.4723021544679569,-0.2016333775918072,-0.27823831178086456,-0.2940388058604281,-0.2871323407856214,-0.2509742108401577,-0.8035467767747513,-0.2603670118214808
-0.38489780395436873,-0.29227774460906564,-0.22912640480131966,-0.41416388571782387,0.7405166315090185,-0.19319161037835986,-0.7398396431798914,-0.2873387690400136
-0.4723021544679569,-0.25187001473390225,-0.24698528006660872,-0.21395541928883088,-0.31186942058638645,-0.2914220311634162,-0.6952862883128977,-0.2131664366890485
-0.07898257715681012,-0.2485937123115917,-0.2112675295360306,-0.08048310833616892,-0.15991307323882964,-0.13540900991656205,-0.7161056130171004,-0.39522579791414464
-0.2974934534407806,-0.2999224502611236,-0.2927486479339119,-0.20060818819356468,-0.30409490979186027,-0.1666116141659329,1.3047568382708317,-0.3884828586095115
0.05212394861357214,-0.17542295821332285,-0.2079189904237889,-0.494247272289421,-0.22140238588644565,-0.4069872320870118,-0.7771756321494281,-0.1322511650334502
4.466043649549775,-0.2420411074669706,-0.2938648276379925,3.5099220562904376,-0.313282968003573,-0.3029785512557757,-0.8868240755915616,-0.48288400887437616
-0.2100891029271924,1.2748869140628118,0.9607211597485639,-0.2940388058604281,-0.15637920469586322,-0.20474813047071944,-0.79383109191279,-0.32779640486781275
-0.07898257715681012,-0.2868172405718814,-0.23247494391356135,4.844645165817058,-0.2793578299910952,-0.23710638672932627,-0.8202022365381133,2.841385068309787
0.09582612387036624,-0.30865925672061834,-0.2570308974033338,-0.22730265038409708,-0.23836495489268456,-0.38502984391152867,1.202048169730099,-0.27385289043074723
-0.516004329724751,-0.1634098493315175,-0.27154123355638116,-0.4809000411941548,-0.190304342708341,-0.37231767180993314,-0.8790515277019928,-0.46939813026510974
-0.12268475241360421,-0.2584226195785233,0.5711744430244463,-0.24064988147936328,-0.28218492482546836,-0.31222376732966345,-0.7188815229776607,-0.11876528642418382
0.008421773356778054,-0.2267516961628547,0.12470256139221982,-0.560983427765752,1.2352582275243196,-0.14580987799968564,1.3019809283102715,2.841385068309787
-0.07898257715681012,0.8959279338822255,0.34793850220833306,-0.34742773024149287,-0.21645496992629265,-0.2671533389694611,-0.8521252010845572,-0.4289404944373106
-0.516004329724751,-0.2376727042372232,0.45955647261638966,-0.40081665462255767,-0.1691011314505424,-0.20474813047071944,-0.7258212978790615,-0.34802522278171233
-0.42859997921116283,-0.17542295821332285,-0.2559147176992532,-0.10717757052670132,1.2020398632204352,-0.31684637536660726,-0.7403948251720034,-0.4626551909604766
-0.2974934534407806,-0.22347539374054418,-0.27154123355638116,-0.4809000411941548,-0.22634980184659867,-0.44512374839179836,-0.7341490277607426,-0.2131664366890485
0.09582612387036624,-0.18852816790256502,-0.21573224835235286,-0.4542055790036224,1.1970924472602822,-0.2937333351818881,-0.8521252010845572,-0.11202234711955063
0.09582612387036624,-0.23221220020003897,-0.29163246822983135,-0.3340804991462267,-0.180409510788035,-0.4693924405857535,-0.7406724161680595,-0.20642349738441532
-0.12268475241360421,0.8937437322673518,0.23632053180027643,-0.36077496133675907,-0.30621523091764014,-0.1874133503321801,-0.7424767576424237,-0.21990937599368168
-0.12268475241360421,-0.2595147203859602,-0.23359112361764192,-0.34742773024149287,-0.23059044409815838,-0.27293159901564085,1.202048169730099,3.5156789987731063
-0.42859997921116283,-0.20927808324386515,-0.2536823582910921,-0.05378864614563653,-0.2016127220458336,-0.3145350713481353,1.2145397645526206,-0.14573704364271658
0.05212394861357214,0.29199618736964833,-0.24698528006660872,2.1751989467638184,-0.22140238588644565,-0.19896987042453965,1.2589543239215861,-0.267109951126114
-0.34119562869757464,-0.31739606318011315,-0.24028820184212532,0.8404758372371987,-0.1740485474106954,-0.1515881380458654,1.2547904589807455,-0.45591225165584337
0.09582612387036624,0.8904674298450412,-0.2704250538523006,-0.13387203271723372,-0.14577759906696391,-0.2844881191080004,1.2436868191385044,-0.3547681620863455
4.466043649549775,0.8948358330747886,-0.2414043815462059,-0.4675528100988886,-0.24967333423017715,-0.14627213880338008,1.1978843047892584,-0.3884828586095115
-0.516004329724751,-0.17760715982819653,-0.2559147176992532,-0.2940388058604281,-0.22281593330363222,-0.35382723966215784,-0.8313058763803548,-0.3075675869539132
-0.42859997921116283,-0.2868172405718814,-0.2860515697094285,-0.3207332680509605,-0.26168848727626304,-0.2740872510248768,1.2658940988229872,-0.4221975551326774
-0.38489780395436873,-0.22129119212567047,-0.24586910036252815,-0.1872609570982985,-0.23412431264112482,-0.4774820046504052,-0.79383109191279,-0.44916931235121016
-0.38489780395436873,-0.29555404703137617,-0.28493539000534795,3.5099220562904376,-0.14295050423259076,-0.3596054997083376,-0.7397008476818633,3.5156789987731063
-0.516004329724751,-0.2988303494536867,-0.2481014597706893,-0.36077496133675907,-0.14295050423259076,4.124324296127174,1.2797736486257885,-0.17270880086124935
0.05212394861357214,-0.3053829542983078,-0.27154123355638116,-0.12052480162196752,-0.2638088084020429,-0.30644550728348363,-0.8590649759859582,-0.40871167652341106
0.008421773356778054,-0.28790934137931823,-0.23359112361764192,-0.14721926381249992,-0.30621523091764014,-0.14349857398121377,-0.8368576963014754,-0.4221975551326774
-0.38489780395436873,-0.2835409381495708,-0.2927486479339119,-0.4809000411941548,-0.17192822628491553,-0.23248377869238238,-0.8437974712028763,-0.125508225728817
-0.516004329724751,0.29199618736964833,-0.25479853799517266,-0.08048310833616892,-0.30833555204342,1.8060863655998447,-0.8035467767747513,-0.1322511650334502
-0.2537912781839865,-0.2988303494536867,-0.2905162885257508,-0.05378864614563653,-0.293493304162961,-0.3542895004658522,-0.8160383715972728,-0.15247998294734977
-0.5597065049815451,-0.22565959535541788,-0.2827030305971868,0.8404758372371987,0.6698392606496897,4.1266356001456455,-0.8798843006901608,-0.44916931235121016
-0.4723021544679569,-0.2780804341123866,-0.2525661785870115,-0.1872609570982985,-0.2694629980707892,-0.46985470138944785,1.3019809283102715,-0.3075675869539132
-0.516004329724751,-0.30865925672061834,0.12470256139221982,-0.12052480162196752,-0.20514659058880005,-0.33117646028113307,-0.8673927058676393,-0.44916931235121016
0.09582612387036624,-0.2846330389570077,-0.28828392911758965,-0.24064988147936328,-0.19737207979427387,-0.3700063677914612,1.2284193143554225,-0.2603670118214808
4.466043649549775,-0.22129119212567047,-0.2570308974033338,-0.08048310833616892,-0.15496565727867664,-0.3774025406505713,-0.6980621982734582,-0.17945174016588253
-0.34119562869757464,-0.2758962324975129,-0.23582348302580305,-0.36077496133675907,-0.1464843727755572,-0.43125592428096693,-0.7258212978790615,-0.21990937599368168
-0.03528040190001604,1.6025171562938665,-0.24698528006660872,-0.12052480162196752,-0.19313143754271417,-0.1874133503321801,-0.817426326577553,-0.24688113321221444
-0.38489780395436873,-0.27480413169007606,-0.2380558424339642,-0.494247272289421,-0.20514659058880005,4.11970168809023,-0.7230453879185011,-0.14573704364271658
-0.5597065049815451,-0.22238329293310732,-0.2626117959237366,-0.560983427765752,-0.1514317887357102,-0.25328551485862966,-0.7408112116660874,-0.4289404944373106
-0.516004329724751,0.29199618736964833,-0.24252056125028645,-0.05378864614563653,1.196385673551689,-0.1226968378149665,1.2187036294934612,-0.22665231529831487
-0.12268475241360421,-0.32176446640986056,0.34793850220833306,-0.14721926381249992,1.196385673551689,-0.23826203873856217,1.215927719532901,1.4927972073831488
-0.42859997921116283,-0.1634098493315175,-0.26930887414822,-0.5075945033846873,-0.19807885350286716,-0.15274379005510139,-0.7008381082340184,-0.15922292225198298
-0.38489780395436873,-0.2595147203859602,-0.2905162885257508,-0.2940388058604281,-0.24755301310439728,-0.42316636021631526,-0.8786351412079086,-0.3615111013909787
0.09582612387036624,1.0564667525754423,0.34793850220833306,-0.12052480162196752,-0.26168848727626304,-0.19319161037835986,-0.7403948251720034,-0.32779640486781275
-0.38489780395436873,1.6025171562938665,-0.2525661785870115,-0.24064988147936328,-0.24331237085283755,-0.3249359394312589,1.28810137850747,-0.1389941043380834
-0.12268475241360421,-0.19835707516949666,0.9651858785648861,-0.5209417344799534,-0.10761181880292639,-0.47517070063193334,1.215927719532901,-0.19293761877514892
-0.42859997921116283,1.7117272370375514,-0.26819269444413946,-0.06713587724090272,0.49314583350136787,-0.16545596215669692,-0.8326938313606349,-0.34802522278171233
0.008421773356778054,-0.21583068808848624,-0.2570308974033338,3.5099220562904376,0.599161889790361,-0.3988976680223601,-0.745252667602984,-0.15922292225198298
-0.07898257715681012,-0.2835409381495708,-0.2313587642094808,-0.08048310833616892,-0.17475532111928868,-0.40352027605930396,-0.7409500071641154,-0.34802522278171233
-0.42859997921116283,-0.2081859824364283,-0.2704250538523006,-0.2940388058604281,-0.15991307323882964,-0.37116201980069724,1.2131518095723401,-0.11876528642418382
-0.12268475241360421,-0.3239486680247342,-0.2737735929645423,-0.41416388571782387,1.1977992209688755,-0.3700063677914612,-0.8618408859465185,2.841385068309787
0.09582612387036624,-0.29555404703137617,-0.28828392911758965,-0.09383033943143512,1.196385673551689,-0.3780959318561129,1.2964291083891508,-0.15922292225198298
-0.2100891029271924,-0.24531740988928114,0.9618373394526445,-0.12052480162196752,14.946668174234095,-0.2502808196346162,1.2783856936455087,-0.48288400887437616
-0.2974934534407806,-0.21364648647361253,-0.2112675295360306,-0.5342889655752197,-0.30409490979186027,-0.24866290682168582,1.2242554494145819,-0.125508225728817
-0.2100891029271924,1.2748869140628118,-0.24698528006660872,-0.09383033943143512,-0.2016127220458336,-0.14465422599044975,-0.7841154070508287,-0.3615111013909787
-0.2100891029271924,-0.24750161150415484,0.34793850220833306,-0.5342889655752197,-0.241898823435651,-0.39543071199465224,-0.8632288409267986,-0.20642349738441532
-0.42859997921116283,1.3840969948064967,-0.2525661785870115,-0.2806915747651619,-0.15355210986149007,-0.21283769453537116,1.2173156745131808,-0.125508225728817
-0.2974934534407806,-0.17760715982819653,-0.27488977266862286,-0.3207332680509605,-0.24755301310439728,-0.4351851411123691,1.2450747741187842,-0.4626551909604766
-0.42859997921116283,1.7117272370375514,0.9640696988608056,-0.2806915747651619,0.9525487440870046,-0.269464642987933,-0.8729445257887599,-0.17270880086124935
-0.42859997921116283,-0.28790934137931823,-0.27488977266862286,-0.3340804991462267,-0.16486048919898266,-0.38895906074293085,1.2131518095723401,-0.4221975551326774
-0.2537912781839865,-0.2016333775918072,-0.2793544914849451,-0.42751111681309006,-0.2878391144942147,-0.3260915914404949,1.227031359375142,-0.37499698000024506
0.09582612387036624,-0.29009354299419193,-0.2793544914849451,-0.5075945033846873,-0.1507250150271169,-0.1920359583691239,1.1964963498089785,1.4927972073831488
-0.2100891029271924,-0.1830676638653808,0.34793850220833306,-0.1872609570982985,-0.3005610412488938,-0.20012552243377563,1.2506265940399053,-0.37499698000024506
-0.07898257715681012,-0.23330430100747582,0.9607211597485639,-0.5476361966704858,-0.21998883846925907,-0.15505509407357335,-0.8882120305718417,-0.4154546158280442
0.008421773356778054,-0.18088346225050708,-0.2804706711890257,-0.38746942352729147,-0.17616886853647526,-0.15852205010128118,-0.8479613361437168,-0.2940817083446468
4.466043649549775,-0.2311200993926021,-0.2938648276379925,-0.21395541928883088,-0.20443981688020677,-0.4289446202624951,1.2298072693357025,-0.3412822834770791
-0.516004329724751,-0.1928965711323124,-0.20903517012786946,0.8404758372371987,-0.1521385624443035,-0.24172899476627008,-0.7813394970902685,-0.20642349738441532
-0.2537912781839865,0.892651631459915,-0.2146160686482723,-0.05378864614563653,-0.2129211013833262,-0.4624585285303377,-0.8507372461042771,-0.2805958297353804
-0.2100891029271924,1.7117272370375514,-0.2927486479339119,-0.37412219243202527,-0.21716174363488594,-0.37578462783764094,-0.825754056459234,-0.11876528642418382
-0.2974934534407806,-0.21364648647361253,0.9596049800444834,-0.560983427765752,-0.2235227070122255,2.965205330863509,1.2867134235271895,-0.39522579791414464
-0.38489780395436873,-0.31848816398755,-0.27823831178086456,-0.3340804991462267,-0.2072669117145799,-0.17585683023982052,-0.8791903232000207,-0.10527940781491744
-0.07898257715681012,-0.29555404703137617,-0.27488977266862286,-0.4675528100988886,-0.17616886853647526,-0.14465422599044975,-0.71332970305654,-0.3615111013909787
-0.2974934534407806,0.18278610662596345,-0.2592632568114949,-0.21395541928883088,-0.29773394641452067,-0.2659976869602252,-0.7827274520705486,-0.32779640486781275
-0.12268475241360421,-0.21364648647361253,-0.21573224835235286,-0.1872609570982985,-0.21433464880051278,-0.3619168037268095,-0.8188142815578331,-0.21990937599368168
-0.2100891029271924,0.40120626811333315,-0.21015134983195002,-0.34742773024149287,1.1999195420946553,-0.21399334654460714,1.274221828704668,-0.2805958297353804
-0.2974934534407806,-0.16777825256126488,-0.2938648276379925,-0.21395541928883088,-0.3069220046262334,-0.4104541881147197,-0.8790515277019928,-0.4963698874836425
-0.2974934534407806,-0.2813567365346971,-0.27154123355638116,-0.38746942352729147,-0.20797368542317318,-0.2671533389694611,1.2839375135666293,-0.4896269481790093
-0.2974934534407806,-0.2780804341123866,-0.23247494391356135,-0.22730265038409708,-0.1627401680732028,-0.14118726996274183,-0.7438647126227038,-0.3615111013909787
0.09582612387036624,-0.2551463171562128,-0.22912640480131966,-0.3340804991462267,-0.195251758668494,-0.20243682645224756,-0.8451854261831564,-0.46939813026510974
-0.5597065049815451,-0.31848816398755,-0.27488977266862286,-0.3207332680509605,-0.26592912952782277,-0.349204631625214,1.299205018349711,-0.17945174016588253
4.466043649549775,-0.1655940509463912,-0.24698528006660872,-0.12052480162196752,-0.16486048919898266,-0.20012552243377563,-0.8437974712028763,-0.24688113321221444
-0.12268475241360421,-0.21037018405130198,-0.2536823582910921,-0.09383033943143512,-0.2235227070122255,-0.39311940797618034,-0.7424767576424237,-0.3345393441724459
-0.2100891029271924,0.29199618736964833,-0.2927486479339119,-0.3340804991462267,0.31645240635304606,-0.47517070063193334,-0.8035467767747513,-0.3615111013909787
-0.2100891029271924,-0.22456749454798103,-0.28493539000534795,-0.36077496133675907,-0.26875622436219593,-0.14118726996274183,1.28810137850747,-0.21990937599368168
-0.2974934534407806,-0.2420411074669706,-0.24698528006660872,-0.4675528100988886,-0.2807713774082818,-0.18972465435065203,1.314472523132793,-0.39522579791414464
0.09582612387036624,-0.27698833330494976,-0.2380558424339642,-0.06713587724090272,-0.24401914456143084,-0.43587853231791074,1.2367470442371034,-0.2805958297353804
-0.5597065049815451,0.8904674298450412,-0.24252056125028645,-0.560983427765752,-0.3161100628379462,-0.13194205388885422,-0.7022260632142986,-0.1996805580797821
-0.34119562869757464,-0.2398569058520969,-0.2626117959237366,-0.16056649490776612,-0.19454498495990075,-0.2733938598193353,1.3172484330933532,-0.125508225728817
-0.34119562869757464,-0.16668615175382806,12.62591524709456,-0.12052480162196752,-0.13729631456384445,-0.35151593564368594,1.202048169730099,-0.44916931235121016
-0.516004329724751,-0.3250407688321711,-0.2313587642094808,-0.4809000411941548,-0.14577759906696391,-0.2733938598193353,-0.7369249377213029,-0.125508225728817
0.008421773356778054,-0.3075671559131815,-0.2146160686482723,-0.42751111681309006,1.164580856664991,-0.3549828916713938,-0.7785635871297082,-0.4963698874836425
-0.4723021544679569,-0.32176446640986056,-0.2938648276379925,-0.42751111681309006,-0.16980790515913569,-0.2648420349509892,-0.7402560296739754,-0.3547681620863455
-0.2537912781839865,-0.28790934137931823,-0.2905162885257508,2.1751989467638184,-0.24401914456143084,-0.23248377869238238,-0.7050019731748589,-0.32779640486781275
-0.4723021544679569,-0.24313320827440743,0.9584888003404027,-0.12052480162196752,-0.23129721780675166,-0.43125592428096693,1.215927719532901,-0.3547681620863455
-0.4723021544679569,-0.27698833330494976,-0.2637279756278172,3.5099220562904376,-0.31186942058638645,-0.4266333162440231,-0.8437974712028763,-0.45591225165584337
-0.38489780395436873,0.18278610662596345,-0.21573224835235286,-0.14721926381249992,0.4917322860841813,-0.25790812289557347,1.281161603606069,-0.4896269481790093
-0.516004329724751,-0.2835409381495708,-0.2871677494135091,-0.5342889655752197,-0.24825978681299057,-0.23363943070161836,1.2506265940399053,-0.3547681620863455
-0.2974934534407806,-0.23221220020003897,-0.2447529206584476,-0.13387203271723372,-0.16556726290757595,-0.2625307309325173,-0.8313058763803548,-0.20642349738441532
-0.07898257715681012,-0.19071236951743872,0.9640696988608056,-0.1872609570982985,0.7405166315090185,-0.18394639430447224,-0.7188815229776607,4.189972929236426
0.09582612387036624,-0.1972649743620598,-0.2414043815462059,-0.20060818819356468,-0.20090594833724032,-0.1693851789880992,-0.8701686158281996,-0.4963698874836425
0.09582612387036624,0.510416348857018,-0.2592632568114949,-0.494247272289421,0.881871373227676,-0.3457376755975062,-0.8271420114395142,-0.24013819390758126
-0.2100891029271924,-0.31084345833549204,-0.2481014597706893,-0.22730265038409708,-0.18111628449662828,-0.40467592806853986,1.2589543239215861,-0.3817399193048783
4.466043649549775,-0.2376727042372232,-0.2559147176992532,2.1751989467638184,-0.23271076522393824,-0.2359507347200903,1.256178413961026,-0.4289404944373106
-0.12268475241360421,-0.22238329293310732,0.9618373394526445,-0.3207332680509605,-0.2864255670770281,-0.3780959318561129,1.2242554494145819,-0.11202234711955063
-0.516004329724751,-0.19835707516949666,-0.27823831178086456,-0.42751111681309006,1.1985059946774688,-0.3619168037268095,-0.729985162819902,-0.4221975551326774
-0.516004329724751,-0.29664614783881305,-0.2447529206584476,0.8404758372371987,-0.31964393138091257,-0.38502984391152867,1.2631181888624268,-0.3143105262585464
-0.07898257715681012,-0.31958026479498686,-0.25479853799517266,-0.40081665462255767,-0.14224373052399747,-0.41623244816089944,-0.7383128927015831,-0.25362407251684765
-0.516004329724751,-0.1721466557910123,-0.20680281071970832,-0.20060818819356468,-0.3090423257520133,-0.4670811365672816,-0.8202022365381133,1.4927972073831488
-0.4723021544679569,-0.3163039623726763,-0.2347073033217225,-0.42751111681309006,0.881871373227676,-0.43125592428096693,1.274221828704668,-0.1996805580797821
-0.2537912781839865,-0.16668615175382806,0.9573726206363222,-0.24064988147936328,0.491025512375588,-0.3746289758284051,-0.8382456512817555,-0.3884828586095115
-0.07898257715681012,-0.21801488970335992,-0.2570308974033338,-0.34742773024149287,0.49314583350136787,-0.18394639430447224,-0.7161056130171004,-0.11202234711955063
-0.42859997921116283,-0.2595147203859602,0.9562564409322416,-0.2673443436698957,-0.31893715767231934,-0.40120897204083206,-0.7827274520705486,-0.3817399193048783
0.05212394861357214,-0.3228565672172974,0.962953519156725,-0.3207332680509605,-0.23341753893253153,-0.2659976869602252,-0.834081786340915,-0.3075675869539132
-0.2100891029271924,-0.21910699051079677,0.6827924134325029,4.844645165817058,-0.3005610412488938,-0.2463516028032139,-0.7050019731748589,-0.2131664366890485
-0.12268475241360421,-0.20927808324386515,-0.2704250538523006,-0.2940388058604281,-0.16768758403335582,-0.16776726617516888,1.2783856936455087,-0.25362407251684765
-0.12268475241360421,-0.23330430100747582,-0.2146160686482723,-0.494247272289421,-0.16061984694742293,4.12547994813641,-0.8673927058676393,-0.37499698000024506
-0.38489780395436873,-0.21364648647361253,-0.2380558424339642,-0.13387203271723372,-0.2235227070122255,-0.33071419947743874,-0.7716238122283072,-0.267109951126114
-0.2974934534407806,-0.2081859824364283,-0.277122132076784,2.1751989467638184,-0.27653073515672205,-0.3630724557360455,-0.7410888026621434,-0.11202234711955063
-0.03528040190001604,-0.2846330389570077,0.9651858785648861,-0.1872609570982985,-0.30409490979186027,-0.14003161795350585,-0.7660719923071866,-0.15922292225198298
0.008421773356778054,-0.25296211554133907,-0.277122132076784,-0.2940388058604281,-0.19242466383412088,-0.31569072335737125,-0.8687806608479194,-0.3345393441724459
-0.2974934534407806,-0.2354885026223495,-0.2938648276379925,3.5099220562904376,-0.29066620932858783,-0.16545596215669692,1.2783856936455087,-0.37499698000024506
-0.03528040190001604,-0.18525186548025446,0.962953519156725,2.1751989467638184,-0.13729631456384445,-0.11460727375031486,1.2492386390596248,-0.3817399193048783
-0.42859997921116283,-0.22565959535541788,-0.2603794365155755,-0.5342889655752197,-0.28359847224265494,4.122012992108702,-0.8794679141960767,-0.10527940781491744
-0.03528040190001604,-0.32176446640986056,-0.2737735929645423,-0.2539971125746295,-0.20656013800598663,-0.16892291818440477,-0.7410888026621434,-0.4896269481790093
4.466043649549775,-0.2562384179636496,-0.20903517012786946,-0.06713587724090272,-0.20656013800598663,-0.2012811744430116,1.2853254685469095,-0.25362407251684765
-0.07898257715681012,-0.18962026871000187,-0.24586910036252815,-0.40081665462255767,-0.2694629980707892,-0.14465422599044975,-0.7952190468930701,1.4927972073831488
0.09582612387036624,0.8937437322673518,-0.2871677494135091,-0.13387203271723372,-0.2023194957544269,-0.21561125935753747,-0.7952190468930701,-0.3817399193048783
-0.2100891029271924,-0.2289358977777284,-0.2871677494135091,-0.4542055790036224,0.10442029377505982,-0.23132812668314648,1.2686700087835474,-0.1389941043380834
-0.5597065049815451,0.892651631459915,-0.23247494391356135,-0.12052480162196752,-0.19878562721146045,-0.46823678857651746,-0.7674599472874668,-0.4896269481790093
-0.2974934534407806,0.18278610662596345,-0.27823831178086456,-0.24064988147936328,-0.17687564224506855,-0.29604463920036,-0.7355369827410227,-0.267109951126114
0.008421773356778054,-0.2999224502611236,-0.2793544914849451,3.5099220562904376,-0.251793655355957,1.8118646256460245,1.2298072693357025,-0.20642349738441532
-0.5597065049815451,0.8882832282301676,-0.2603794365155755,-0.3207332680509605,-0.2129211013833262,-0.37578462783764094,-0.8673927058676393,-0.32105346556317954
-0.4723021544679569,-0.1655940509463912,0.34793850220833306,-0.14721926381249992,-0.24401914456143084,-0.3630724557360455,1.2714459187441076,-0.3547681620863455
-0.42859997921116283,-0.3119355591429289,0.9562564409322416,-0.5075945033846873,1.199212768386062,-0.3630724557360455,-0.7398396431798914,-0.2805958297353804
-0.34119562869757464,-0.20272547839924404,-0.28493539000534795,-0.4675528100988886,-0.22634980184659867,-0.376940279846877,-0.7399784386779193,-0.25362407251684765
-0.03528040190001604,-0.2846330389570077,-0.24252056125028645,2.1751989467638184,-0.22776334926378525,-0.37578462783764094,-0.7993829118339107,-0.15247998294734977
-0.34119562869757464,-0.2081859824364283,-0.2603794365155755,-0.1872609570982985,-0.21716174363488594,-0.24172899476627008,1.2325831792962627,-0.1389941043380834
4.466043649549775,-0.31411976075780257,0.34793850220833306,-0.42751111681309006,-0.2920797567457744,-0.1469655300089216,-0.7660719923071866,-0.46939813026510974
-0.12268475241360421,-0.2016333775918072,-0.2704250538523006,-0.560983427765752,-0.3139897417121663,-0.31106811532042744,-0.7147176580368201,-0.2940817083446468
-0.2974934534407806,-0.22019909131823362,-0.2414043815462059,-0.2673443436698957,-0.24260559714424426,-0.12315909861866096,-0.8146504166169927,-0.1996805580797821
-0.2100891029271924,-0.2857251397644445,-0.20680281071970832,-0.5075945033846873,-0.28359847224265494,2.9698279389004534,1.2964291083891508,-0.44916931235121016
-0.5597065049815451,-0.2857251397644445,-0.2804706711890257,-0.2539971125746295,-0.21221432767473292,-0.17354552622134867,1.242298864158224,-0.17945174016588253
-0.2100891029271924,-0.2311200993926021,0.34793850220833306,-0.4809000411941548,1.3766129692429772,-0.39311940797618034,1.2311952243159827,-0.32779640486781275
0.05212394861357214,0.8882832282301676,-0.28828392911758965,-0.2539971125746295,-0.24048527601846442,-0.20359247846148346,1.3033688832905517,-0.14573704364271658
-0.03528040190001604,-0.21146228485873883,-0.2860515697094285,-0.5476361966704858,1.2020398632204352,-0.35151593564368594,1.2686700087835474,-0.1322511650334502
-0.2974934534407806,-0.2038175792066809,-0.2871677494135091,-0.5342889655752197,-0.293493304162961,4.1266356001456455,1.2214795394540217,-0.4154546158280442
-0.42859997921116283,-0.2398569058520969,-0.28828392911758965,-0.3340804991462267,-0.22988367038956511,-0.1723898742121127,-0.8326938313606349,-0.2805958297353804
-0.12268475241360421,-0.2584226195785233,-0.28158685089310626,-0.1872609570982985,-0.22210915959503894,-0.32840289545896684,-0.7397008476818633,-0.11202234711955063
-0.2537912781839865,-0.2999224502611236,-0.20680281071970832,-0.560983427765752,-0.22281593330363222,-0.430100272271731,-0.8590649759859582,-0.20642349738441532
-0.2100891029271924,-0.32176446640986056,-0.2670765147400589,-0.40081665462255767,-0.17263499999350881,-0.14927683402739356,-0.7398396431798914,-0.32779640486781275
-0.516004329724751,-0.2780804341123866,12.62591524709456,-0.5476361966704858,0.49455938091855445,-0.24981855883092172,1.2048240796906593,-0.3412822834770791
-0.2974934534407806,-0.2016333775918072,-0.2525661785870115,-0.2940388058604281,-0.2751171877395355,-0.46985470138944785,1.2339711342765431,-0.2805958297353804
-0.516004329724751,-0.22019909131823362,-0.2559147176992532,-0.2806915747651619,-0.2623952609848563,-0.3861854959207646,-0.7258212978790615,-0.24013819390758126
0.09582612387036624,-0.29118564380162876,0.6827924134325029,-0.13387203271723372,-0.2800646036996885,-0.3988976680223601,1.2173156745131808,-0.4221975551326774
-0.34119562869757464,-0.16668615175382806,-0.27823831178086456,-0.4809000411941548,-0.2942000778715543,-0.430100272271731,-0.8786351412079086,4.189972929236426
-0.5597065049815451,-0.16668615175382806,-0.29163246822983135,-0.13387203271723372,-0.2807713774082818,-0.28495037991169486,-0.7757876771691478,-0.10527940781491744
-0.12268475241360421,-0.21255438566617568,-0.25144999888293096,-0.1872609570982985,-0.2631020346934496,-0.26830899097869704,-0.8798843006901608,-0.14573704364271658
-0.12268475241360421,-0.29118564380162876,12.62591524709456,2.1751989467638184,-0.3012678149574871,-0.2347950827108543,-0.8049347317550314,-0.40196873721877785
-0.34119562869757464,-0.25405421634877595,-0.23693966272988362,-0.5476361966704858,-0.2793578299910952,-0.25790812289557347,-0.8132624616367126,-0.1996805580797821
-0.5597065049815451,1.7117272370375514,-0.20903517012786946,-0.08048310833616892,-0.31893715767231934,-0.14627213880338008,-0.7244333428987814,-0.4289404944373106
-0.07898257715681012,-0.31411976075780257,-0.2927486479339119,-0.3340804991462267,1.2352582275243196,-0.44512374839179836,-0.8021588217944711,-0.32105346556317954
-0.516004329724751,-0.31084345833549204,-0.2079189904237889,-0.34742773024149287,-0.22210915959503894,-0.20937073850766325,-0.7403948251720034,-0.40196873721877785
-0.42859997921116283,-0.19617287355462296,-0.2793544914849451,-0.4809000411941548,-0.32035070508950586,-0.4173881001701355,-0.8562890660253978,-0.19293761877514892
-0.03528040190001604,-0.21037018405130198,-0.2905162885257508,-0.5209417344799534,-0.20443981688020677,-0.2671533389694611,-0.8521252010845572,-0.19293761877514892
-0.2974934534407806,-0.19071236951743872,-0.24921763947476985,3.5099220562904376,-0.21221432767473292,-0.40814288409624777,-0.824366101478954,-0.3615111013909787
0.008421773356778054,-0.1994491759769335,-0.2793544914849451,-0.3207332680509605,-0.27723750886531534,-0.11460727375031486,-0.7785635871297082,-0.2940817083446468
-0.2100891029271924,0.8915595306524782,-0.24586910036252815,-0.21395541928883088,-0.13870986198103102,-0.13471561871102053,1.202048169730099,-0.17270880086124935
0.09582612387036624,-0.29227774460906564,-0.2626117959237366,-0.08048310833616892,-0.30550845720904685,-0.4624585285303377,-0.6952862883128977,-0.2873387690400136
-0.03528040190001604,-0.3031987526834341,-0.21349988894419172,-0.38746942352729147,-0.24967333423017715,-0.13772031393503398,-0.8798843006901608,-0.21990937599368168
-0.516004329724751,-0.2857251397644445,0.12470256139221982,-0.42751111681309006,-0.28925266191140125,-0.17354552622134867,1.3089207032116723,-0.32779640486781275
-0.2537912781839865,-0.31848816398755,0.34793850220833306,-0.41416388571782387,-0.26168848727626304,-0.3180020273758432,-0.8299179214000745,-0.2603670118214808
0.09582612387036624,-0.19835707516949666,-0.23359112361764192,3.5099220562904376,-0.2715833191965691,-0.4728593966134614,1.041045392017599,-0.1996805580797821
0.05212394861357214,-0.2081859824364283,-0.2559147176992532,-0.40081665462255767,-0.19878562721146045,-0.430100272271731,1.240910909177944,-0.21990937599368168
-0.5597065049815451,-0.246409510696718,-0.24586910036252815,-0.36077496133675907,-0.28289169853406165,-0.3260915914404949,-0.8021588217944711,-0.32779640486781275
0.09582612387036624,-0.3119355591429289,0.9640696988608056,-0.42751111681309006,-0.27582396144812876,-0.46823678857651746,-0.7743997221888677,-0.2940817083446468
-0.34119562869757464,-0.16887035336870174,-0.2626117959237366,-0.5209417344799534,-0.27794428257390863,-0.3665394117637533,-0.8798843006901608,-0.17945174016588253
-0.07898257715681012,-0.2354885026223495,0.23632053180027643,-0.42751111681309006,-0.24755301310439728,-0.1226968378149665,-0.8215901915183935,-0.21990937599368168
4.466043649549775,-0.2485937123115917,-0.2637279756278172,-0.5342889655752197,0.4896119649584014,-0.2902663791541802,1.2714459187441076,3.5156789987731063
0.09582612387036624,-0.1972649743620598,-0.27488977266862286,-0.560983427765752,1.201333089511842,-0.4069872320870118,1.2589543239215861,-0.1322511650334502
0.09582612387036624,-0.174330857405886,-0.28158685089310626,-0.22730265038409708,-0.293493304162961,-0.28495037991169486,1.281161603606069,-0.1322511650334502
-0.4723021544679569,-0.3053829542983078,0.9651858785648861,-0.4542055790036224,-0.2348310863497181,-0.40005332003159616,-0.817426326577553,-0.3884828586095115
-0.07898257715681012,-0.19617287355462296,-0.2603794365155755,-0.3207332680509605,-0.2857187933684348,-0.3457376755975062,-0.7405336206700313,-0.4154546158280442
0.008421773356778054,-0.3097513575280552,0.9651858785648861,-0.20060818819356468,-0.21574819621769936,-0.26021942691404537,-0.7841154070508287,-0.32779640486781275
-0.12268475241360421,-0.17760715982819653,-0.21238370924011116,-0.12052480162196752,-0.1740485474106954,-0.31222376732966345,-0.7174935679973805,-0.32779640486781275
-0.2537912781839865,-0.2081859824364283,0.6827924134325029,-0.09383033943143512,-0.24401914456143084,-0.3619168037268095,-0.8687806608479194,-0.2873387690400136
0.09582612387036624,-0.1634098493315175,-0.2592632568114949,-0.05378864614563653,-0.23341753893253153,-0.3873411479300005,-0.8757204357493202,-0.17945174016588253
0.09582612387036624,0.8948358330747886,-0.25814707710741436,-0.21395541928883088,-0.3161100628379462,-0.19550291439683182,-0.7660719923071866,-0.39522579791414464
-0.4723021544679569,-0.2868172405718814,-0.2347073033217225,-0.42751111681309006,-0.15991307323882964,-0.4173881001701355,1.2756097836849485,-0.3547681620863455
0.09582612387036624,-0.2147385872810494,0.9618373394526445,-0.2806915747651619,-0.24896656052158386,-0.37578462783764094,1.2686700087835474,-0.3817399193048783
-0.2537912781839865,0.8937437322673518,-0.2536823582910921,-0.08048310833616892,-0.21928206476066578,-0.2451959507939779,-0.7813394970902685,-0.1996805580797821
0.05212394861357214,-0.22019909131823362,0.962953519156725,-0.34742773024149287,-0.2638088084020429,-0.11691857776878672,1.2075999896512197,2.167091137846468
0.09582612387036624,-0.21801488970335992,-0.28493539000534795,-0.5209417344799534,-0.2694629980707892,-0.37231767180993314,-0.71332970305654,-0.3143105262585464
-0.5597065049815451,-0.16777825256126488,-0.26819269444413946,-0.41416388571782387,1.2006263158032486,-0.21168204252613518,-0.8188142815578331,-0.10527940781491744
-0.4723021544679569,-0.2868172405718814,-0.2894001088216702,-0.42751111681309006,1.201333089511842,-0.11922988178725867,1.3033688832905517,-0.15922292225198298
-0.2537912781839865,0.510416348857018,-0.26930887414822,-0.5342889655752197,-0.1521385624443035,-0.43125592428096693,1.2756097836849485,-0.18619467947051574
-0.03528040190001604,-0.2802646357272603,-0.24028820184212532,-0.2673443436698957,-0.15496565727867664,-0.3653837597545174,-0.7406724161680595,-0.125508225728817
0.09582612387036624,-0.18852816790256502,-0.2670765147400589,-0.13387203271723372,-0.14365727794118405,-0.43472288030867484,1.2075999896512197,4.189972929236426
-0.516004329724751,-0.2835409381495708,-0.27488977266862286,-0.5342889655752197,-0.14295050423259076,-0.1608333541197531,1.28810137850747,-0.4221975551326774
-0.07898257715681012,-0.29446194622393934,-0.2827030305971868,-0.5342889655752197,-0.19737207979427387,-0.33117646028113307,1.2062120346709397,-0.4221975551326774
-0.2974934534407806,-0.32176446640986056,0.9562564409322416,-0.09383033943143512,-0.26875622436219593,1.8060863655998447,-0.8160383715972728,-0.2873387690400136
-0.2537912781839865,-0.25405421634877595,-0.277122132076784,-0.05378864614563653,-0.16627403661616924,-0.427788968253259,-0.7313731178001823,-0.19293761877514892
4.466043649549775,-0.22019909131823362,-0.29163246822983135,-0.5476361966704858,-0.2800646036996885,-0.3977420160131242,1.2214795394540217,-0.4154546158280442
-0.2537912781839865,-0.24094900665953375,-0.24698528006660872,-0.5075945033846873,-0.2072669117145799,-0.3619168037268095,-0.7401172341759473,-0.47614106956974295
-0.42859997921116283,-0.2562384179636496,-0.25814707710741436,-0.13387203271723372,-0.17828918966225513,-0.3658460205582118,-0.7410888026621434,-0.37499698000024506
-0.2537912781839865,-0.18743606709512817,-0.2112675295360306,-0.10717757052670132,1.2020398632204352,-0.26137507892328127,1.2145397645526206,-0.3412822834770791
-0.34119562869757464,-0.2835409381495708,-0.2603794365155755,-0.38746942352729147,-0.2751171877395355,-0.3642281077452814,-0.7646840373269064,-0.32105346556317954
-0.2537912781839865,-0.3250407688321711,-0.25479853799517266,4.844645165817058,-0.27723750886531534,-0.2787098590618206,1.2575663689413057,-0.11876528642418382
-0.2100891029271924,-0.19071236951743872,-0.2146160686482723,-0.3207332680509605,-0.16698081032476253,-0.19319161037835986,1.2075999896512197,-0.25362407251684765
-0.07898257715681012,-0.19617287355462296,0.34793850220833306,-0.5476361966704858,-0.2807713774082818,-0.4659254845580456,-0.7230453879185011,-0.40196873721877785
-0.07898257715681012,-0.1994491759769335,-0.20903517012786946,-0.10717757052670132,-0.31752361025513276,-0.13425335790732607,1.2908772884680302,-0.4221975551326774
0.09582612387036624,0.892651631459915,0.9573726206363222,-0.21395541928883088,-0.2793578299910952,-0.4416567923640905,-0.7910551819522297,-0.3143105262585464
-0.42859997921116283,-0.17869926063563338,-0.2626117959237366,-0.560983427765752,-0.2871323407856214,-0.29650690000405444,-0.79383109191279,-0.46939813026510974
0.05212394861357214,-0.24094900665953375,-0.2112675295360306,-0.2940388058604281,-0.1408301831068109,-0.2937333351818881,1.2950411534088704,-0.15247998294734977
-0.07898257715681012,-0.18197556305794393,-0.2670765147400589,-0.42751111681309006,-0.30409490979186027,-0.29720029120959596,1.215927719532901,1.4927972073831488
-0.2537912781839865,-0.2267516961628547,0.962953519156725,-0.16056649490776612,-0.23695140747549798,-0.17470117823058454,-0.8790515277019928,-0.3075675869539132
0.09582612387036624,-0.19180447032487558,-0.21238370924011116,-0.5209417344799534,-0.27794428257390863,-0.40051558083529043,-0.8229781464986736,2.841385068309787
-0.38489780395436873,-0.27917253491982347,-0.2313587642094808,-0.5476361966704858,-0.14507082535837063,-0.40814288409624777,-0.8632288409267986,-0.125508225728817
-0.12268475241360421,-0.3021066518759973,-0.2871677494135091,-0.13387203271723372,-0.28359847224265494,-0.2451959507939779,-0.7409500071641154,-0.2603670118214808
0.09582612387036624,-0.3163039623726763,-0.2570308974033338,-0.36077496133675907,-0.29844072012311396,-0.3861854959207646,1.314472523132793,-0.47614106956974295
-0.4723021544679569,-0.17651505902075967,-0.2760059523727034,-0.05378864614563653,-0.1394166356896243,-0.2509742108401577,-0.8313058763803548,-0.2603670118214808
-0.38489780395436873,-0.19398867193974925,-0.2347073033217225,-0.36077496133675907,-0.29985426754030053,-0.25790812289557347,-0.7091658381156996,-0.47614106956974295
-0.516004329724751,-0.2267516961628547,-0.2670765147400589,-0.06713587724090272,-0.303388136083267,-0.38895906074293085,-0.7188815229776607,-0.47614106956974295
-0.34119562869757464,-0.21910699051079677,-0.25814707710741436,-0.4542055790036224,-0.26168848727626304,-0.25328551485862966,-0.8146504166169927,-0.32779640486781275
0.09582612387036624,-0.3206723656024237,-0.2481014597706893,-0.14721926381249992,-0.3076287783348267,-0.44396809638256246,-0.7313731178001823,-0.25362407251684765
0.09582612387036624,-0.2737120308826392,-0.26819269444413946,-0.09383033943143512,-0.2864255670770281,-0.3191576793850791,-0.8021588217944711,-0.1322511650334502
-0.2974934534407806,-0.1655940509463912,-0.21238370924011116,-0.2940388058604281,-0.2927865304543677,-0.3596054997083376,-0.857677021005678,-0.3615111013909787
-0.42859997921116283,-0.2311200993926021,-0.2704250538523006,-0.16056649490776612,-0.15496565727867664,-0.1608333541197531,-0.8396336062620358,-0.11876528642418382
0.05212394861357214,-0.174330857405886,-0.24363674095436702,-0.560983427765752,-0.24896656052158386,-0.270620294997169,1.28810137850747,-0.19293761877514892
0.09582612387036624,-0.19398867193974925,-0.24921763947476985,-0.40081665462255767,-0.21221432767473292,1.8072420176090807,-0.8771083907296005,-0.3615111013909787
-0.38489780395436873,-0.24422530908184428,-0.2347073033217225,3.5099220562904376,-0.16486048919898266,-0.4236286210200096,1.2325831792962627,-0.3143105262585464
-0.34119562869757464,-0.3075671559131815,-0.25479853799517266,-0.3340804991462267,1.3059355983836483,-0.3665394117637533,1.2658940988229872,-0.2603670118214808
-0.34119562869757464,-0.18197556305794393,-0.23582348302580305,-0.20060818819356468,-0.2072669117145799,-0.3619168037268095,-0.7841154070508287,-0.22665231529831487
0.09582612387036624,-0.18962026871000187,-0.2704250538523006,-0.22730265038409708,-0.23765818118409127,-0.27177594700640495,1.2187036294934612,-0.442426373046577
-0.2974934534407806,-0.20272547839924404,-0.25479853799517266,0.8404758372371987,-0.1408301831068109,-0.17932378626752843,1.2006602147498187,-0.48288400887437616
-0.07898257715681012,-0.17979136144307023,-0.2592632568114949,-0.21395541928883088,-0.29844072012311396,-0.2502808196346162,-0.8787739367059366,-0.27385289043074723
-0.5597065049815451,-0.22565959535541788,-0.28158685089310626,-0.2539971125746295,-0.17263499999350881,2.9624317660413437,1.2603422789018661,-0.2873387690400136
-0.5597065049815451,-0.2758962324975129,0.12470256139221982,0.8404758372371987,-0.26875622436219593,-0.21052639051689923,1.2714459187441076,-0.14573704364271658
-0.5597065049815451,-0.27261993007520235,-0.2603794365155755,-0.3340804991462267,0.03374292291573109,-0.40005332003159616,-0.8562890660253978,-0.21990937599368168
-0.516004329724751,-0.18088346225050708,-0.21349988894419172,4.844645165817058,-0.23836495489268456,-0.29257768317265215,-0.8687806608479194,2.841385068309787
0.09582612387036624,-0.22238329293310732,-0.2737735929645423,-0.10717757052670132,0.45780714807170353,4.123168644117938,-0.8771083907296005,-0.11202234711955063
-0.5597065049815451,1.6025171562938665,-0.2603794365155755,-0.21395541928883088,-0.22705657555519196,-0.27177594700640495,-0.7402560296739754,-0.40196873721877785
-0.5597065049815451,-0.25296211554133907,-0.2481014597706893,-0.42751111681309006,-0.31893715767231934,-0.4728593966134614,-0.7952190468930701,-0.21990937599368168
-0.2100891029271924,-0.2267516961628547,-0.29163246822983135,-0.12052480162196752,-0.1507250150271169,-0.46476983254880966,-0.7882792719916694,-0.39522579791414464
-0.38489780395436873,-0.3119355591429289,-0.24028820184212532,-0.2806915747651619,1.3059355983836483,-0.20937073850766325,-0.7399784386779193,-0.15922292225198298
0.008421773356778054,1.7117272370375514,-0.25814707710741436,-0.2940388058604281,-0.13870986198103102,-0.1608333541197531,1.2936531984285906,-0.2603670118214808
0.09582612387036624,-0.29227774460906564,-0.2559147176992532,-0.13387203271723372,-0.17616886853647526,-0.19319161037835986,1.2506265940399053,-0.14573704364271658
0.008421773356778054,-0.29773824864624987,0.34793850220833306,-0.36077496133675907,-0.28218492482546836,-0.14003161795350585,-0.8424095162225962,-0.19293761877514892
0.09582612387036624,0.8904674298450412,-0.2793544914849451,-0.5476361966704858,0.10442029377505982,-0.3977420160131242,1.3005929733299915,-0.15922292225198298
-0.4723021544679569,-0.17869926063563338,-0.2827030305971868,-0.3340804991462267,-0.15355210986149007,-0.15274379005510139,-0.8646167959070789,-0.48288400887437616
-0.12268475241360421,-0.2758962324975129,0.9596049800444834,3.5099220562904376,-0.10761181880292639,-0.3700063677914612,-0.7702358572480271,-0.21990937599368168
-0.03528040190001604,-0.31739606318011315,-0.25814707710741436,-0.09383033943143512,-0.2871323407856214,-0.18972465435065203,-0.7466406225832641,-0.11202234711955063
-0.03528040190001604,-0.17105455498357544,-0.28158685089310626,-0.494247272289421,-0.3076287783348267,-0.1226968378149665,1.2145397645526206,-0.4221975551326774
-0.42859997921116283,-0.25077791392646537,-0.22912640480131966,-0.5342889655752197,-0.1620333943646095,-0.17354552622134867,-0.7077778831354193,-0.40871167652341106
0.008421773356778054,-0.21801488970335992,-0.24921763947476985,-0.3207332680509605,0.10442029377505982,1.8067797568053863,-0.8035467767747513,-0.32779640486781275
0.09582612387036624,-0.27698833330494976,-0.29163246822983135,-0.2940388058604281,-0.2016127220458336,-0.3642281077452814,-0.7285972078396219,-0.34802522278171233
-0.42859997921116283,-0.1928965711323124,-0.24028820184212532,-0.4542055790036224,-0.31116264687779316,-0.18972465435065203,1.1937204398484182,-0.39522579791414464
-0.03528040190001604,-0.24750161150415484,0.9562564409322416,-0.22730265038409708,-0.21009400654895305,-0.4236286210200096,-0.800770866814191,-0.46939813026510974
0.09582612387036624,0.29199618736964833,-0.2559147176992532,-0.40081665462255767,-0.21574819621769936,-0.190880306359888,1.2242554494145819,-0.3615111013909787
0.09582612387036624,-0.29118564380162876,-0.29163246822983135,-0.1872609570982985,1.5179677109616345,-0.32955854746820273,-0.7258212978790615,-0.17270880086124935
0.09582612387036624,-0.2267516961628547,-0.2871677494135091,-0.5075945033846873,-0.24472591827002413,-0.4416567923640905,1.3019809283102715,-0.45591225165584337
-0.34119562869757464,-0.16668615175382806,-0.2380558424339642,-0.14721926381249992,-0.14577759906696391,-0.17007857019364073,-0.8646167959070789,-0.39522579791414464
0.09582612387036624,-0.30647505510574463,-0.27154123355638116,-0.3207332680509605,-0.19313143754271417,-0.19550291439683182,-0.7063899281551391,-0.44916931235121016
0.09582612387036624,-0.2147385872810494,-0.20680281071970832,-0.5342889655752197,-0.28289169853406165,-0.11922988178725867,1.2506265940399053,-0.3817399193048783
-0.4723021544679569,-0.3239486680247342,-0.22912640480131966,-0.4809000411941548,-0.2694629980707892,-0.3191576793850791,-0.8660047508873591,-0.2603670118214808
-0.12268475241360421,1.7117272370375514,-0.24252056125028645,-0.21395541928883088,-0.180409510788035,-0.2502808196346162,-0.8521252010845572,2.167091137846468
-0.2537912781839865,-0.2354885026223495,-0.20903517012786946,-0.10717757052670132,-0.16980790515913569,-0.40814288409624777,-0.8729445257887599,-0.2131664366890485
-0.07898257715681012,-0.17542295821332285,-0.26484415533189776,-0.41416388571782387,-0.13870986198103102,-0.14927683402739356,1.3019809283102715,1.4927972073831488
0.05212394861357214,-0.19398867193974925,0.9060283542486162,-0.2806915747651619,0.49455938091855445,-0.13540900991656205,-0.8424095162225962,-0.4626551909604766
0.09582612387036624,-0.2999224502611236,-0.25144999888293096,-0.22730265038409708,-0.2623952609848563,-0.18394639430447224,1.2089879446315,-0.46939813026510974
-0.4723021544679569,-0.2267516961628547,-0.2559147176992532,-0.2940388058604281,-0.17475532111928868,1.8118646256460245,-0.8791903232000207,-0.22665231529831487
-0.4723021544679569,-0.2846330389570077,-0.2894001088216702,-0.21395541928883088,-0.31964393138091257,-0.21052639051689923,-0.8285299664197944,-0.11876528642418382
-0.5597065049815451,-0.22019909131823362,-0.2626117959237366,3.5099220562904376,-0.2722900929051623,-0.3549828916713938,1.3019809283102715,1.4927972073831488
4.466043649549775,-0.21364648647361253,-0.24363674095436702,3.5099220562904376,-0.24967333423017715,-0.1770124822490565,1.2436868191385044,-0.125508225728817
0.09582612387036624,-0.19071236951743872,-0.2380558424339642,-0.5342889655752197,-0.2242294807208188,-0.3861854959207646,1.2395229541976636,-0.37499698000024506
-0.12268475241360421,-0.31084345833549204,-0.2793544914849451,-0.10717757052670132,-0.24401914456143084,4.118546036080994,1.2395229541976636,-0.4221975551326774
4.466043649549775,-0.3010145510685604,-0.24363674095436702,-0.2539971125746295,1.2352582275243196,-0.13425335790732607,-0.7398396431798914,-0.40871167652341106
-0.07898257715681012,-0.22238329293310732,-0.21573224835235286,-0.09383033943143512,-0.2942000778715543,-0.4613028765211018,-0.834081786340915,-0.125508225728817
-0.2974934534407806,-0.1655940509463912,-0.2536823582910921,-0.06713587724090272,-0.2864255670770281,-0.47517070063193334,1.2242554494145819,-0.17270880086124935
-0.4723021544679569,0.8904674298450412,-0.2570308974033338,-0.12052480162196752,-0.22140238588644565,-0.40814288409624777,1.2547904589807455,-0.34802522278171233
-0.4723021544679569,-0.2595147203859602,-0.2905162885257508,-0.13387203271723372,-0.2871323407856214,-0.2301724746739105,-0.7716238122283072,-0.3615111013909787
-0.34119562869757464,-0.2595147203859602,-0.29163246822983135,-0.560983427765752,-0.27723750886531534,-0.11691857776878672,1.28810137850747,-0.25362407251684765
-0.12268475241360421,-0.2551463171562128,-0.25479853799517266,3.5099220562904376,1.4472903401023058,-0.12315909861866096,1.2395229541976636,-0.32779640486781275
-0.12268475241360421,-0.31411976075780257,-0.20680281071970832,-0.13387203271723372,-0.17122145257632226,-0.2387242995422566,1.2839375135666293,-0.10527940781491744
-0.38489780395436873,-0.31848816398755,-0.27823831178086456,-0.4809000411941548,-0.1521385624443035,-0.17354552622134867,1.215927719532901,-0.11876528642418382
-0.2974934534407806,0.8915595306524782,-0.2938648276379925,-0.2539971125746295,-0.15001824131852362,4.12547994813641,-0.6980621982734582,-0.442426373046577
-0.07898257715681012,-0.2835409381495708,-0.22912640480131966,-0.05378864614563653,-0.21221432767473292,-0.23941769074779812,1.282549558586349,3.5156789987731063
-0.38489780395436873,-0.22565959535541788,0.9596049800444834,-0.16056649490776612,-0.15637920469586322,1.8153315816737325,1.240910909177944,-0.17945174016588253
-0.516004329724751,0.6196264296007029,-0.23693966272988362,-0.38746942352729147,-0.20090594833724032,-0.24288464677550606,-0.729985162819902,-0.45591225165584337
-0.4723021544679569,-0.2311200993926021,-0.2079189904237889,-0.5476361966704858,-0.2878391144942147,-0.38156288788382076,1.2964291083891508,-0.17945174016588253
-0.42859997921116283,-0.246409510696718,-0.21015134983195002,-0.4675528100988886,-0.2235227070122255,-0.2555968188771015,-0.8229781464986736,-0.11876528642418382
0.09582612387036624,-0.31084345833549204,-0.2447529206584476,-0.2806915747651619,-0.293493304162961,4.122012992108702,1.2964291083891508,-0.17270880086124935
0.008421773356778054,-0.246409510696718,0.12470256139221982,3.5099220562904376,-0.2503801079387704,-0.18625769832294412,-0.8789127322039647,-0.32779640486781275
-0.5597065049815451,-0.16887035336870174,-0.27154123355638116,-0.5342889655752197,-0.1507250150271169,-0.23941769074779812,-0.8368576963014754,-0.3345393441724459
-0.03528040190001604,-0.22565959535541788,-0.2570308974033338,-0.5075945033846873,-0.19878562721146045,-0.43125592428096693,-0.7882792719916694,-0.4963698874836425
-0.516004329724751,-0.2038175792066809,-0.2146160686482723,-0.40081665462255767,-0.24401914456143084,-0.1966585664060678,1.2506265940399053,-0.20642349738441532
0.09582612387036624,-0.29773824864624987,-0.2704250538523006,-0.13387203271723372,-0.16061984694742293,-0.4289446202624951,-0.8854361206112814,-0.48288400887437616
-0.42859997921116283,-0.31084345833549204,-0.26819269444413946,3.5099220562904376,-0.22210915959503894,1.8153315816737325,1.2978170633694313,-0.24013819390758126
-0.2537912781839865,1.3840969948064967,-0.2905162885257508,-0.2806915747651619,1.1970924472602822,-0.2740872510248768,-0.7397008476818633,-0.47614106956974295
-0.38489780395436873,-0.31302765995036574,-0.2637279756278172,-0.5342889655752197,-0.2623952609848563,-0.24172899476627008,1.2256434043948616,-0.21990937599368168
0.008421773356778054,-0.19398867193974925,0.5711744430244463,-0.1872609570982985,-0.19737207979427387,-0.3873411479300005,-0.8840481656310013,-0.17270880086124935
-0.5597065049815451,-0.1634098493315175,-0.2414043815462059,-0.4675528100988886,-0.22776334926378525,-0.13471561871102053,-0.834081786340915,-0.34802522278171233
0.09582612387036624,-0.24313320827440743,-0.26819269444413946,-0.1872609570982985,-0.19454498495990075,-0.3977420160131242,-0.7702358572480271,-0.4154546158280442
-0.34119562869757464,-0.23439640181491267,0.9060283542486162,-0.21395541928883088,-0.22281593330363222,-0.21561125935753747,1.2686700087835474,-0.4626551909604766
-0.38489780395436873,-0.21255438566617568,-0.2313587642094808,-0.20060818819356468,-0.19878562721146045,-0.4220107082070792,-0.7105537930959797,-0.24688113321221444
4.466043649549775,-0.18088346225050708,-0.2414043815462059,-0.22730265038409708,0.49455938091855445,-0.1920359583691239,-0.7285972078396219,-0.2131664366890485
0.008421773356778054,-0.18634396628769131,-0.2481014597706893,-0.1872609570982985,-0.31752361025513276,1.8153315816737325,-0.800770866814191,-0.4154546158280442
-0.2100891029271924,1.3840969948064967,-0.28158685089310626,-0.1872609570982985,-0.22705657555519196,4.124324296127174,-0.8090985966958719,-0.3412822834770791
0.05212394861357214,-0.2485937123115917,0.9607211597485639,-0.2673443436698957,-0.16980790515913569,-0.2301724746739105,1.3103086581919527,-0.45591225165584337
-0.516004329724751,0.8871911274227308,-0.2079189904237889,-0.2806915747651619,-0.17263499999350881,-0.46985470138944785,-0.7882792719916694,-0.37499698000024506
0.008421773356778054,1.0564667525754423,-0.277122132076784,-0.05378864614563653,-0.29985426754030053,2.9624317660413437,-0.7077778831354193,-0.2873387690400136
0.09582612387036624,-0.29227774460906564,0.962953519156725,-0.14721926381249992,-0.27723750886531534,-0.4705480925949894,-0.8701686158281996,3.5156789987731063
-0.38489780395436873,-0.21801488970335992,-0.25814707710741436,-0.08048310833616892,0.8111940023683472,-0.30644550728348363,-0.8299179214000745,-0.4896269481790093
-0.03528040190001604,-0.3163039623726763,-0.2626117959237366,-0.34742773024149287,0.9525487440870046,-0.4624585285303377,1.3075327482313925,-0.11876528642418382
-0.5597065049815451,-0.31848816398755,-0.24921763947476985,-0.13387203271723372,-0.2708765454879758,-0.33117646028113307,-0.8396336062620358,-0.2603670118214808
0.09582612387036624,0.892651631459915,-0.20903517012786946,-0.24064988147936328,-0.16344694178179608,-0.1226968378149665,-0.721657432938221,-0.4626551909604766
-0.38489780395436873,-0.21146228485873883,-0.2146160686482723,-0.40081665462255767,0.4924390597927746,-0.26830899097869704,1.2797736486257885,-0.11876528642418382
-0.03528040190001604,-0.25296211554133907,-0.2481014597706893,-0.09383033943143512,-0.23129721780675166,-0.19319161037835986,1.2964291083891508,-0.22665231529831487
-0.12268475241360421,1.6025171562938665,-0.24363674095436702,-0.21395541928883088,-0.2072669117145799,-0.4173881001701355,-0.7341490277607426,-0.4221975551326774
-0.34119562869757464,-0.1994491759769335,-0.2536823582910921,-0.42751111681309006,-0.14153695681540418,-0.35036028363445,-0.7841154070508287,3.5156789987731063
-0.03528040190001604,-0.2376727042372232,-0.2146160686482723,-0.22730265038409708,-0.24260559714424426,-0.35151593564368594,-0.8090985966958719,-0.2805958297353804
-0.2974934534407806,-0.32176446640986056,-0.22912640480131966,-0.4675528100988886,0.8111940023683472,-0.4474350524102703,1.2714459187441076,-0.125508225728817
0.09582612387036624,-0.29118564380162876,-0.22912640480131966,-0.40081665462255767,0.599161889790361,-0.3041342032650117,1.2075999896512197,-0.4963698874836425
-0.2537912781839865,-0.16777825256126488,0.9573726206363222,-0.5476361966704858,-0.1521385624443035,1.8095533216275528,1.2325831792962627,-0.24013819390758126
-0.03528040190001604,-0.2551463171562128,-0.24363674095436702,-0.40081665462255767,-0.2864255670770281,-0.26137507892328127,-0.7952190468930701,3.5156789987731063
0.05212394861357214,-0.2573305187710865,-0.2704250538523006,-0.36077496133675907,-0.1464843727755572,-0.3619168037268095,-0.7813394970902685,3.5156789987731063
-0.2974934534407806,-0.31411976075780257,0.9060283542486162,-0.13387203271723372,-0.15637920469586322,-0.24288464677550606,1.1978843047892584,-0.1996805580797821
0.09582612387036624,-0.19617287355462296,-0.20680281071970832,-0.5075945033846873,0.03374292291573109,-0.2902663791541802,-0.8882120305718417,-0.11202234711955063
-0.07898257715681012,0.8893753290376044,-0.27823831178086456,-0.37412219243202527,-0.3012678149574871,-0.40120897204083206,-0.849349291123997,2.841385068309787
-0.34119562869757464,-0.2584226195785233,-0.22912640480131966,-0.38746942352729147,-0.2652223558192295,-0.25328551485862966,-0.7369249377213029,-0.3143105262585464
-0.03528040190001604,-0.2354885026223495,0.12470256139221982,-0.4809000411941548,-0.16415371549038937,-0.11576292575955083,-0.7424767576424237,-0.34802522278171233
-0.38489780395436873,-0.18962026871000187,-0.277122132076784,-0.16056649490776612,-0.2786510562825019,-0.2387242995422566,-0.7716238122283072,-0.442426373046577
0.09582612387036624,-0.3075671559131815,-0.2894001088216702,-0.4809000411941548,-0.27653073515672205,-0.24172899476627008,1.274221828704668,-0.4896269481790093
0.09582612387036624,-0.16777825256126488,-0.2414043815462059,-0.4675528100988886,-0.21150755396613963,-0.32955854746820273,-0.7424767576424237,-0.3817399193048783
0.09582612387036624,-0.20054127678437036,-0.28493539000534795,-0.3340804991462267,-0.21716174363488594,-0.41507679615166354,-0.696674243293178,4.189972929236426
0.09582612387036624,0.40120626811333315,-0.2827030305971868,-0.2673443436698957,-0.22988367038956511,-0.15505509407357335,-0.8687806608479194,-0.40871167652341106
-0.07898257715681012,-0.2780804341123866,-0.24921763947476985,0.8404758372371987,-0.2694629980707892,4.1180837752773,1.3033688832905517,-0.20642349738441532
-0.2974934534407806,-0.2846330389570077,-0.2871677494135091,-0.08048310833616892,1.1970924472602822,4.123168644117938,1.2117638545920604,4.189972929236426
-0.516004329724751,-0.23330430100747582,-0.28493539000534795,-0.12052480162196752,7.878931088301221,-0.18625769832294412,1.1978843047892584,-0.19293761877514892
0.09582612387036624,-0.3163039623726763,-0.2737735929645423,-0.24064988147936328,-0.31186942058638645,-0.1770124822490565,1.2200915844737412,-0.15247998294734977
-0.2100891029271924,-0.17105455498357544,-0.27823831178086456,-0.24064988147936328,-0.190304342708341,-0.3746289758284051,-0.8215901915183935,1.4927972073831488
4.466043649549775,1.6025171562938665,0.9584888003404027,-0.06713587724090272,-0.28925266191140125,-0.13425335790732607,1.281161603606069,4.864266859699744
-0.2974934534407806,-0.2835409381495708,-0.2804706711890257,-0.2940388058604281,-0.19313143754271417,1.8072420176090807,1.2395229541976636,-0.39522579791414464
-0.07898257715681012,-0.3031987526834341,-0.2871677494135091,-0.1872609570982985,0.49455938091855445,-0.44396809638256246,-0.8146504166169927,-0.2805958297353804
-0.38489780395436873,0.8882832282301676,0.45955647261638966,-0.24064988147936328,-0.1627401680732028,-0.2387242995422566,-0.8784963457098807,1.4927972073831488
-0.2974934534407806,-0.17105455498357544,-0.2559147176992532,-0.3340804991462267,-0.21716174363488594,-0.16314465813822498,1.2922652434483102,-0.4963698874836425
0.09582612387036624,0.8893753290376044,0.45955647261638966,-0.14721926381249992,-0.2525004290645503,-0.27293159901564085,1.2964291083891508,-0.11202234711955063
-0.12268475241360421,-0.19617287355462296,-0.26819269444413946,-0.3340804991462267,1.3059355983836483,-0.4381898363363827,-0.8313058763803548,-0.11202234711955063
-0.42859997921116283,-0.28900144218675505,-0.2559147176992532,2.1751989467638184,-0.1733417737021021,4.12547994813641,-0.825754056459234,-0.46939813026510974
-0.4723021544679569,0.29199618736964833,-0.2704250538523006,-0.2940388058604281,-0.23765818118409127,-0.13540900991656205,-0.7674599472874668,-0.1322511650334502
0.05212394861357214,-0.23002799858516526,-0.2871677494135091,-0.38746942352729147,-0.241898823435651,-0.32031333139431506,-0.87433248076904,-0.21990937599368168
-0.2537912781839865,0.8882832282301676,-0.2860515697094285,-0.13387203271723372,-0.15001824131852362,-0.23826203873856217,-0.8715565708084798,-0.20642349738441532
-0.34119562869757464,-0.23002799858516526,-0.26484415533189776,-0.5075945033846873,-0.27723750886531534,-0.3896524519484725,-0.8562890660253978,-0.4154546158280442
0.09582612387036624,-0.19071236951743872,-0.29163246822983135,-0.36077496133675907,-0.2927865304543677,-0.11691857776878672,-0.8786351412079086,-0.39522579791414464
0.008421773356778054,-0.24422530908184428,-0.24028820184212532,-0.14721926381249992,-0.3012678149574871,-0.4467416612047287,1.3158604781130734,-0.37499698000024506
0.008421773356778054,0.29199618736964833,-0.29163246822983135,-0.37412219243202527,-0.2016127220458336,-0.11691857776878672,-0.8794679141960767,-0.22665231529831487
-0.34119562869757464,0.8380465910880726,-0.2827030305971868,-0.09383033943143512,0.49385260720996116,-0.4351851411123691,-0.7405336206700313,-0.2940817083446468
-0.07898257715681012,-0.2999224502611236,0.9573726206363222,-0.24064988147936328,-0.23341753893253153,-0.41969940418860735,-0.8840481656310013,-0.3143105262585464
0.05212394861357214,12.305105069174981,-0.22912640480131966,4.844645165817058,-0.30550845720904685,-0.18972465435065203,-0.8090985966958719,-0.21990937599368168
-0.42859997921116283,-0.31958026479498686,-0.2804706711890257,-0.5476361966704858,-0.3146965154207596,-0.14465422599044975,-0.79383109191279,-0.34802522278171233
-0.07898257715681012,-0.24422530908184428,-0.2804706711890257,-0.09383033943143512,-0.24331237085283755,-0.1816350902860003,-0.8784963457098807,-0.48288400887437616
-0.516004329724751,-0.1994491759769335,-0.29163246822983135,-0.06713587724090272,-0.22564302813800538,4.117390384071759,1.2964291083891508,-0.4896269481790093
-0.2100891029271924,-0.18197556305794393,-0.2570308974033338,-0.06713587724090272,-0.26592912952782277,-0.3480489796159781,-0.8132624616367126,-0.3817399193048783
0.09582612387036624,-0.20272547839924404,-0.24252056125028645,-0.37412219243202527,-0.19807885350286716,-0.3041342032650117,1.2783856936455087,-0.20642349738441532
-0.03528040190001604,0.8893753290376044,0.9651858785648861,-0.10717757052670132,-0.180409510788035,-0.25328551485862966,1.3033688832905517,2.841385068309787
0.09582612387036624,-0.3075671559131815,-0.24028820184212532,-0.2806915747651619,-0.1733417737021021,-0.19249821917281834,-0.7979949568536305,-0.40871167652341106
4.466043649549775,-0.2573305187710865,-0.2380558424339642,-0.12052480162196752,-0.20797368542317318,-0.44396809638256246,1.2853254685469095,-0.2940817083446468
-0.516004329724751,-0.19835707516949666,-0.26930887414822,-0.38746942352729147,-0.16415371549038937,4.117390384071759,1.2311952243159827,-0.3075675869539132
-0.03528040190001604,-0.30865925672061834,-0.2380558424339642,-0.08048310833616892,-0.1507250150271169,-0.4236286210200096,1.2173156745131808,-0.18619467947051574
-0.5597065049815451,-0.24094900665953375,-0.2447529206584476,-0.5075945033846873,-0.29844072012311396,-0.46476983254880966,1.2284193143554225,-0.267109951126114
-0.42859997921116283,-0.17760715982819653,-0.2670765147400589,-0.37412219243202527,0.4903187386669947,4.117390384071759,-0.7161056130171004,-0.24688113321221444
-0.38489780395436873,-0.2857251397644445,-0.2737735929645423,-0.3207332680509605,-0.2920797567457744,-0.4428124443733265,-0.6980621982734582,-0.3143105262585464
-0.38489780395436873,-0.25405421634877595,-0.2637279756278172,-0.20060818819356468,0.49385260720996116,1.8153315816737325,-0.800770866814191,-0.2131664366890485
-0.34119562869757464,-0.20709388162899145,0.9573726206363222,-0.22730265038409708,-0.1627401680732028,-0.40352027605930396,-0.71332970305654,-0.45591225165584337
-0.34119562869757464,-0.29227774460906564,-0.2793544914849451,-0.08048310833616892,1.3766129692429772,-0.43587853231791074,-0.8410215612423159,-0.15247998294734977
-0.5597065049815451,-0.2354885026223495,-0.23693966272988362,-0.06713587724090272,-0.2355378600583114,-0.14349857398121377,-0.8507372461042771,-0.22665231529831487
0.05212394861357214,-0.31302765995036574,-0.2626117959237366,-0.41416388571782387,-0.14789792019274375,1.8095533216275528,-0.8882120305718417,-0.17270880086124935
-0.2100891029271924,-0.1928965711323124,-0.2380558424339642,-0.560983427765752,-0.1959585323770873,4.118546036080994,1.2436868191385044,4.189972929236426
-0.516004329724751,-0.31958026479498686,0.45955647261638966,3.5099220562904376,0.4917322860841813,-0.33117646028113307,1.1978843047892584,-0.3075675869539132
-0.07898257715681012,-0.23002799858516526,0.34793850220833306,0.8404758372371987,-0.15355210986149007,-0.13540900991656205,1.2117638545920604,-0.4221975551326774
0.09582612387036624,-0.22565959535541788,-0.2827030305971868,-0.16056649490776612,-0.1959585323770873,-0.4740150486226973,-0.7401172341759473,-0.24013819390758126
-0.07898257715681012,-0.2147385872810494,-0.21238370924011116,-0.4809000411941548,-0.3090423257520133,-0.4393454883456186,-0.6952862883128977,-0.14573704364271658
0.09582612387036624,-0.24531740988928114,0.9640696988608056,-0.36077496133675907,-0.14577759906696391,-0.1666116141659329,-0.8271420114395142,-0.11876528642418382
-0.4723021544679569,-0.25077791392646537,-0.24363674095436702,-0.06713587724090272,-0.1464843727755572,-0.29650690000405444,-0.8796067096941047,-0.47614106956974295
-0.03528040190001604,-0.31848816398755,0.9651858785648861,-0.22730265038409708,-0.1394166356896243,-0.24288464677550606,-0.8271420114395142,-0.48288400887437616
0.09582612387036624,-0.2147385872810494,-0.2447529206584476,-0.24064988147936328,-0.2136278750919195,-0.2648420349509892,1.2395229541976636,4.189972929236426
0.008421773356778054,-0.31848816398755,-0.23359112361764192,0.8404758372371987,-0.24825978681299057,-0.2821768150895286,-0.745252667602984,-0.34802522278171233
-0.34119562869757464,-0.29227774460906564,-0.26484415533189776,-0.09383033943143512,-0.19313143754271417,-0.43125592428096693,1.2922652434483102,-0.19293761877514892
-0.5597065049815451,1.3840969948064967,-0.2894001088216702,-0.16056649490776612,-0.24967333423017715,-0.3191576793850791,-0.8796067096941047,-0.32105346556317954
0.008421773356778054,-0.20927808324386515,0.9060283542486162,-0.09383033943143512,-0.21009400654895305,4.123168644117938,-0.8604529309662384,-0.27385289043074723
-0.38489780395436873,-0.2311200993926021,-0.2760059523727034,-0.4675528100988886,-0.2857187933684348,-0.42085505619784336,-0.8701686158281996,-0.40196873721877785
-0.03528040190001604,1.3840969948064967,-0.2347073033217225,-0.4542055790036224,-0.20585336429739334,2.9628940268450377,-0.7702358572480271,-0.3412822834770791
0.09582612387036624,-0.18525186548025446,-0.23582348302580305,-0.4542055790036224,-0.16980790515913569,-0.24404029878474193,-0.7402560296739754,-0.20642349738441532
0.09582612387036624,0.8948358330747886,-0.2380558424339642,-0.09383033943143512,-0.2242294807208188,-0.4613028765211018,1.2853254685469095,-0.2940817083446468
-0.38489780395436873,0.18278610662596345,-0.2079189904237889,-0.16056649490776612,1.1970924472602822,-0.27639855504334876,1.2075999896512197,-0.40871167652341106
0.09582612387036624,0.18278610662596345,0.9640696988608056,3.5099220562904376,-0.19737207979427387,1.8130202776552604,-0.7244333428987814,-0.40871167652341106
-0.34119562869757464,-0.31302765995036574,-0.2860515697094285,-0.21395541928883088,-0.17828918966225513,-0.18856900234141605,1.313084568152513,-0.2873387690400136
-0.4723021544679569,0.8380465910880726,0.9618373394526445,-0.560983427765752,-0.2927865304543677,-0.4324115762902029,1.2631181888624268,-0.1322511650334502
0.09582612387036624,-0.2398569058520969,-0.2347073033217225,-0.2673443436698957,-0.251793655355957,-0.39543071199465224,-0.8451854261831564,2.841385068309787
-0.38489780395436873,-0.2846330389570077,-0.2146160686482723,-0.5342889655752197,-0.30833555204342,-0.17932378626752843,-0.6952862883128977,-0.4221975551326774
0.09582612387036624,0.29199618736964833,-0.27488977266862286,-0.37412219243202527,0.6698392606496897,-0.2359507347200903,1.3005929733299915,-0.39522579791414464
-0.34119562869757464,-0.2595147203859602,-0.28493539000534795,-0.2806915747651619,-0.20019917462864703,-0.31569072335737125,1.2006602147498187,-0.40196873721877785
0.09582612387036624,-0.19180447032487558,-0.28493539000534795,-0.09383033943143512,-0.15001824131852362,-0.21399334654460714,-0.8021588217944711,-0.39522579791414464
0.008421773356778054,-0.2485937123115917,-0.2659603350359783,-0.4675528100988886,0.10442029377505982,-0.32840289545896684,-0.8188142815578331,-0.18619467947051574
-0.516004329724751,-0.30647505510574463,-0.24252056125028645,-0.5075945033846873,-0.24896656052158386,-0.15274379005510139,-0.79383109191279,-0.4896269481790093
-0.03528040190001604,-0.21364648647361253,-0.23582348302580305,-0.2539971125746295,1.5179677109616345,-0.4335672282994388,-0.7008381082340184,-0.47614106956974295
-0.4723021544679569,-0.18088346225050708,-0.24028820184212532,-0.5075945033846873,-0.28995943561999454,1.8130202776552604,-0.8632288409267986,-0.15247998294734977
-0.5597065049815451,0.8904674298450412,0.962953519156725,-0.36077496133675907,-0.2927865304543677,-0.2902663791541802,-0.8786351412079086,2.167091137846468
-0.38489780395436873,-0.2584226195785233,-0.27154123355638116,-0.40081665462255767,0.31645240635304606,-0.2821768150895286,1.2714459187441076,-0.34802522278171233
-0.4723021544679569,-0.2584226195785233,0.9640696988608056,-0.22730265038409708,-0.17758241595366184,-0.30875681130195554,1.2228674944343014,-0.21990937599368168
-0.42859997921116283,-0.2573305187710865,-0.277122132076784,-0.3340804991462267,-0.26168848727626304,-0.35382723966215784,1.2853254685469095,-0.15247998294734977
4.466043649549775,-0.1655940509463912,-0.20903517012786946,-0.494247272289421,-0.22705657555519196,2.964049678854274,-0.8791903232000207,-0.34802522278171233
-0.12268475241360421,0.8893753290376044,-0.2659603350359783,-0.21395541928883088,-0.17828918966225513,-0.19249821917281834,1.2589543239215861,-0.14573704364271658
0.008421773356778054,-0.24750161150415484,-0.2737735929645423,-0.05378864614563653,-0.23059044409815838,-0.2787098590618206,-0.7910551819522297,-0.1389941043380834
-0.42859997921116283,0.8948358330747886,-0.2938648276379925,-0.13387203271723372,-0.2871323407856214,-0.2798655110710566,1.2756097836849485,3.5156789987731063
4.466043649549775,-0.2376727042372232,-0.2414043815462059,-0.06713587724090272,-0.17687564224506855,-0.2914220311634162,-0.8063226867353116,-0.4154546158280442
-0.42859997921116283,-0.17979136144307023,0.9060283542486162,-0.4809000411941548,-0.2793578299910952,-0.4467416612047287,-0.8715565708084798,-0.2805958297353804
-0.12268475241360421,1.3840969948064967,-0.26930887414822,-0.4675528100988886,-0.303388136083267,-0.2937333351818881,-0.7730117672085874,-0.3884828586095115
0.05212394861357214,-0.23439640181491267,0.34793850220833306,-0.41416388571782387,-0.22988367038956511,-0.25790812289557347,-0.7327610727804624,-0.37499698000024506
-0.12268475241360421,-0.2846330389570077,-0.26484415533189776,-0.08048310833616892,-0.20090594833724032,-0.42085505619784336,-0.7406724161680595,-0.27385289043074723
0.09582612387036624,-0.18525186548025446,-0.24586910036252815,-0.1872609570982985,-0.3154032891293529,-0.13540900991656205,-0.8798843006901608,-0.1322511650334502
4.466043649549775,12.305105069174981,0.45955647261638966,-0.24064988147936328,0.49314583350136787,-0.14118726996274183,-0.7022260632142986,-0.39522579791414464
4.466043649549775,-0.2846330389570077,-0.2860515697094285,-0.38746942352729147,-0.17475532111928868,-0.4670811365672816,-0.8396336062620358,-0.37499698000024506
0.09582612387036624,-0.21037018405130198,-0.22912640480131966,-0.3340804991462267,-0.23765818118409127,-0.19319161037835986,-0.8410215612423159,-0.20642349738441532
-0.2974934534407806,-0.3119355591429289,-0.277122132076784,-0.16056649490776612,-0.23765818118409127,-0.2948889871911241,-0.8590649759859582,-0.37499698000024506
-0.12268475241360421,-0.29555404703137617,-0.2380558424339642,-0.36077496133675907,-0.17687564224506855,-0.15043248603662954,1.2436868191385044,-0.40196873721877785
0.09582612387036624,-0.25187001473390225,-0.22912640480131966,-0.14721926381249992,-0.26168848727626304,2.964049678854274,1.2006602147498187,-0.45591225165584337
-0.34119562869757464,-0.18634396628769131,-0.24028820184212532,-0.4809000411941548,1.2020398632204352,-0.19550291439683182,-0.8215901915183935,1.4927972073831488
-0.12268475241360421,-0.1928965711323124,0.5711744430244463,-0.21395541928883088,-0.2638088084020429,-0.25328551485862966,1.2617302338821466,-0.1389941043380834
0.008421773356778054,0.6196264296007029,0.9584888003404027,-0.16056649490776612,-0.3154032891293529,-0.16314465813822498,-0.8549011110451177,-0.32105346556317954
0.008421773356778054,-0.21255438566617568,-0.21573224835235286,-0.560983427765752,-0.23695140747549798,4.1180837752773,-0.87433248076904,-0.442426373046577
-0.07898257715681012,-0.23330430100747582,-0.20903517012786946,-0.10717757052670132,1.2352582275243196,-0.3549828916713938,1.2311952243159827,-0.4221975551326774
-0.12268475241360421,-0.3097513575280552,-0.2793544914849451,-0.2673443436698957,-0.2751171877395355,-0.30875681130195554,1.2034361247103795,3.5156789987731063
0.05212394861357214,-0.3239486680247342,-0.2146160686482723,-0.06713587724090272,-0.3005610412488938,-0.32378028742202297,-0.8882120305718417,-0.442426373046577
0.09582612387036624,-0.25405421634877595,0.962953519156725,-0.5209417344799534,-0.16415371549038937,-0.41507679615166354,1.313084568152513,2.167091137846468
-0.42859997921116283,-0.2420411074669706,0.9584888003404027,-0.38746942352729147,-0.14789792019274375,-0.3457376755975062,-0.7896672269719496,-0.4626551909604766
-0.4723021544679569,-0.3228565672172974,-0.22912640480131966,-0.3340804991462267,-0.2030262694630202,-0.3896524519484725,1.2367470442371034,-0.3412822834770791
0.05212394861357214,0.40120626811333315,-0.24028820184212532,-0.4809000411941548,-0.241898823435651,-0.4185437521793714,1.2200915844737412,-0.2940817083446468
-0.4723021544679569,-0.19835707516949666,-0.21349988894419172,-0.37412219243202527,0.45780714807170353,-0.18625769832294412,-0.8757204357493202,-0.40196873721877785
-0.34119562869757464,-0.31084345833549204,-0.20903517012786946,-0.2673443436698957,-0.19878562721146045,-0.1273194458519104,1.299205018349711,-0.14573704364271658
0.05212394861357214,-0.3010145510685604,-0.21573224835235286,-0.21395541928883088,-0.2242294807208188,4.122012992108702,-0.7383128927015831,-0.22665231529831487
0.09582612387036624,-0.2016333775918072,0.962953519156725,-0.4675528100988886,-0.2729968666137556,-0.13194205388885422,-0.7966070018733504,-0.40871167652341106
-0.516004329724751,-0.20709388162899145,-0.2559147176992532,-0.22730265038409708,-0.1627401680732028,-0.42085505619784336,1.3172484330933532,-0.1389941043380834
0.05212394861357214,0.8904674298450412,-0.21349988894419172,-0.21395541928883088,-0.2871323407856214,-0.15852205010128118,-0.8215901915183935,-0.442426373046577
-0.2100891029271924,1.7117272370375514,-0.2414043815462059,-0.20060818819356468,-0.2638088084020429,-0.3780959318561129,1.299205018349711,2.841385068309787
4.466043649549775,-0.29555404703137617,-0.2804706711890257,3.5099220562904376,-0.1917178901255276,-0.13425335790732607,-0.8354697413211953,-0.18619467947051574
4.466043649549775,-0.2595147203859602,0.9651858785648861,-0.4809000411941548,-0.303388136083267,-0.19550291439683182,-0.7383128927015831,-0.10527940781491744
-0.03528040190001604,1.1656768333191272,-0.2793544914849451,-0.2673443436698957,-0.22776334926378525,-0.20821508649842735,1.2187036294934612,-0.4154546158280442
-0.2100891029271924,-0.21583068808848624,-0.2927486479339119,-0.41416388571782387,1.5179677109616345,-0.37578462783764094,1.2062120346709397,4.864266859699744
-0.03528040190001604,-0.23221220020003897,0.23632053180027643,-0.13387203271723372,-0.2510868816473637,-0.3549828916713938,-0.6952862883128977,-0.15922292225198298
0.09582612387036624,-0.2868172405718814,0.9596049800444834,-0.38746942352729147,-0.10761181880292639,-0.3734733238191691,-0.8021588217944711,-0.14573704364271658
0.008421773356778054,-0.18088346225050708,-0.2938648276379925,-0.1872609570982985,-0.19313143754271417,-0.28795507513570834,-0.7258212978790615,-0.11202234711955063
0.09582612387036624,-0.28900144218675505,-0.27488977266862286,-0.2806915747651619,-0.15991307323882964,-0.14580987799968564,1.3172484330933532,-0.40871167652341106
-0.2974934534407806,0.8904674298450412,-0.24363674095436702,-0.12052480162196752,-0.24825978681299057,1.8072420176090807,1.2589543239215861,-0.3412822834770791
0.008421773356778054,-0.2868172405718814,-0.24363674095436702,-0.05378864614563653,-0.20019917462864703,-0.308063420096414,1.2922652434483102,-0.39522579791414464
-0.38489780395436873,0.6196264296007029,-0.27823831178086456,-0.5209417344799534,-0.2708765454879758,-0.4613028765211018,1.299205018349711,2.167091137846468
-0.12268475241360421,-0.31411976075780257,-0.2804706711890257,-0.08048310833616892,1.2352582275243196,-0.31961994018877354,-0.7008381082340184,-0.45591225165584337
-0.516004329724751,-0.1928965711323124,-0.20680281071970832,-0.14721926381249992,0.31645240635304606,-0.4127654921331916,1.299205018349711,-0.32779640486781275
0.05212394861357214,-0.29009354299419193,-0.2626117959237366,-0.3207332680509605,-0.2715833191965691,-0.47517070063193334,1.3005929733299915,-0.15247998294734977
-0.12268475241360421,-0.19398867193974925,0.12470256139221982,3.5099220562904376,-0.19737207979427387,-0.16314465813822498,-0.8090985966958719,-0.3143105262585464
4.466043649549775,-0.31958026479498686,-0.2793544914849451,-0.5209417344799534,0.17509766463438856,-0.2787098590618206,-0.8229781464986736,-0.1389941043380834
4.466043649549775,-0.18525186548025446,-0.26930887414822,-0.5075945033846873,-0.17687564224506855,-0.25675247088633746,-0.785503362031109,-0.15247998294734977
-0.2537912781839865,12.305105069174981,-0.2447529206584476,-0.5476361966704858,-0.15355210986149007,-0.3700063677914612,1.2492386390596248,-0.21990937599368168
-0.38489780395436873,-0.31848816398755,0.6827924134325029,-0.42751111681309006,-0.15355210986149007,-0.376940279846877,-0.7397008476818633,-0.3412822834770791
0.008421773356778054,-0.2289358977777284,0.9607211597485639,-0.494247272289421,-0.2242294807208188,-0.18510204631370822,1.2547904589807455,4.864266859699744
0.09582612387036624,-0.19398867193974925,0.34793850220833306,-0.08048310833616892,-0.2242294807208188,-0.13309770589809017,-0.7355369827410227,-0.24688113321221444
-0.38489780395436873,0.18278610662596345,-0.24698528006660872,-0.2539971125746295,-0.20443981688020677,-0.37231767180993314,1.2603422789018661,-0.3345393441724459
4.466043649549775,-0.25187001473390225,-0.21349988894419172,-0.34742773024149287,-0.10761181880292639,-0.18625769832294412,-0.8797455051921327,-0.11202234711955063
-0.07898257715681012,0.9472566718317574,-0.2670765147400589,-0.08048310833616892,-0.2793578299910952,4.11970168809023,1.2534025040004655,4.864266859699744
0.09582612387036624,-0.29555404703137617,-0.20680281071970832,-0.5342889655752197,14.946668174234095,-0.24750725481244987,-0.8451854261831564,2.167091137846468
-0.4723021544679569,-0.20709388162899145,-0.21015134983195002,-0.16056649490776612,-0.26098171356766975,-0.44512374839179836,-0.7402560296739754,-0.15922292225198298
-0.5597065049815451,0.8948358330747886,0.45955647261638966,-0.06713587724090272,-0.2631020346934496,-0.15389944206433737,1.2631181888624268,-0.32105346556317954
-0.12268475241360421,-0.2758962324975129,-0.2347073033217225,-0.36077496133675907,-0.26098171356766975,-0.270620294997169,-0.7403948251720034,-0.2805958297353804
-0.2974934534407806,-0.2813567365346971,-0.26484415533189776,-0.38746942352729147,-0.17192822628491553,-0.2902663791541802,-0.8424095162225962,-0.4154546158280442
-0.2974934534407806,-0.2868172405718814,-0.26930887414822,-0.2806915747651619,-0.16556726290757595,-0.44396809638256246,-0.7410888026621434,-0.11202234711955063
-0.38489780395436873,-0.2289358977777284,-0.2347073033217225,-0.08048310833616892,-0.1584995258216431,-0.27177594700640495,-0.8146504166169927,-0.4626551909604766
-0.38489780395436873,-0.30865925672061834,-0.23024258450540022,-0.5209417344799534,-0.14789792019274375,-0.4428124443733265,-0.8118745066564323,-0.24013819390758126
